smiles,node_id,num_expansions,rollout_num,score,Q_value,num_reactions,reaction_1_id,building_block_1_1_id,building_block_1_1_smiles,building_block_1_2_id,building_block_1_2_smiles,reaction_2_id,building_block_2_1_id,building_block_2_1_smiles,building_block_2_2_id,building_block_2_2_smiles
C/C=C\C/C=C\CCCCCCN(CCC/C=C\C/C=C\C/C=C\C/C=C\CCCCC)[C@@H](CCP(=O)(O)O)C(=O)O,12458,1,39,0.9061980247497559,0.9061980247497559,2,2230,418955,N[C@@H](CCP(=O)(O)O)C(=O)O,2756068,C\C=C/C\C=C/CCCCCCCl,2230.0,-1.0,,2757998.0,CCCCC\C=C/C\C=C/C\C=C/C\C=C/CCCBr
CC/C=C\C/C=C\C/C=C\C/C=C\C/C=C\C/C=C\CCN[C@H](C(=O)O)[C@]12[C@H]3[C@H]4[C@@H]1[C@H]1[C@H]2[C@@H]3[C@@]41C(=O)OCC/C=C\C/C=C\C/C=C\C/C=C\C/C=C\C/C=C\CC,12344,1,1,0.9041649103164673,0.9041649103164673,2,1458,225993,N[C@H](C(=O)O)[C@]12[C@H]3[C@H]4[C@H]1[C@H]1[C@@H]2[C@@H]3[C@@]41C(=O)O,2753556,CC\C=C/C\C=C/C\C=C/C\C=C/C\C=C/C\C=C/CCBr,2230.0,-1.0,,2753556.0,CC\C=C/C\C=C/C\C=C/C\C=C/C\C=C/C\C=C/CCBr
CC/C=C/C/C=C/C/C=C/C/C=C/C/C=C\C/C=C\CCN(CC/C=C\C/C=C/C/C=C/C/C=C/C/C=C/C/C=C/CC)C[C@H](O)CP(=O)(O)O,12359,1,6,0.9037744998931885,0.9037744998931885,2,2230,1194572,NC[C@H](O)CP(=O)(O)O,2753559,CC\C=C\C\C=C\C\C=C\C\C=C\C\C=C\C\C=C/CCBr,2230.0,-1.0,,2753557.0,CC\C=C\C\C=C\C\C=C\C\C=C\C\C=C/C\C=C/CCBr
CC/C=C\C/C=C\C/C=C\C/C=C\C/C=C\C/C=C\CCOC(=O)[C@@H](N)[C@]12[C@H]3[C@H]4[C@@H]1[C@H]1[C@H]2[C@@H]3[C@@]41C(=O)OCC/C=C\C/C=C\C/C=C\C/C=C\C/C=C\C/C=C\CC,12345,0,1,0.9019657373428345,0.0,2,1458,225993,N[C@H](C(=O)O)[C@]12[C@H]3[C@H]4[C@H]1[C@H]1[C@@H]2[C@@H]3[C@@]41C(=O)O,2753556,CC\C=C/C\C=C/C\C=C/C\C=C/C\C=C/C\C=C/CCBr,1458.0,-1.0,,2753556.0,CC\C=C/C\C=C/C\C=C/C\C=C/C\C=C/C\C=C/CCBr
C/C=C\CC/C=C\CN(CCC/C=C\C/C=C\C/C=C\C/C=C\CCCCC)C[C@@H](O)CP(=O)(O)O,12373,1,12,0.900990903377533,0.900990903377533,2,2230,1194558,NC[C@@H](O)CP(=O)(O)O,2757998,CCCCC\C=C/C\C=C/C\C=C/C\C=C/CCCBr,2230.0,-1.0,,2759027.0,C\C=C/CC\C=C/CBr
C/C=C\CC/C=C/CN(CCC/C=C\C/C=C\C/C=C\CC)[C@H](CO)P(=O)(O)O,12447,1,36,0.9006265997886658,0.9006265997886658,2,2230,1194272,N[C@H](CO)P(=O)(O)O,2758961,CC\C=C/C\C=C/C\C=C/CCCCl,2230.0,-1.0,,2759031.0,C\C=C/CC\C=C\CCl
CCCCC/C=C\C/C=C\CCCCCCCCN(CCCCCCC/C=C\C/C=C\CCCCC)[C@H](CCO)P(=O)(O)O,12437,1,34,0.9003998637199402,0.9003998637199402,2,2230,1194550,N[C@H](CCO)P(=O)(O)O,2756921,CCCCC\C=C/C\C=C/CCCCCCCCI,2230.0,-1.0,,2757990.0,CCCCC\C=C/C\C=C/CCCCCCCBr
C/C=C/CC/C=C\CN(CC/C=C/C/C=C\C/C=C/C/C=C/C/C=C/C/C=C/CC)[C@H](CCP(=O)(O)O)C(=O)O,12442,1,35,0.8991377353668213,0.8991377353668213,2,2230,418951,N[C@H](CCP(=O)(O)O)C(=O)O,2759035,C\C=C\CC\C=C/CCl,2230.0,-1.0,,2753558.0,CC\C=C\C\C=C\C\C=C\C\C=C\C\C=C/C\C=C\CCBr
C/C=C\CC/C=C/CN(CCCCCCCC/C=C\C/C=C\CCCCC)C[C@H](O)P(=O)(O)O,12431,1,32,0.89863121509552,0.89863121509552,2,2230,1194570,NC[C@H](O)P(=O)(O)O,2759031,C\C=C/CC\C=C\CCl,2230.0,-1.0,,2756920.0,CCCCC\C=C/C\C=C/CCCCCCCCBr
CCCCC/C=C\C/C=C/CCCCCCCCN(CCCCCCCC/C=C\C/C=C/CCCCC)[C@@H](CCO)P(=O)(O)O,12467,1,41,0.8985085487365723,0.8985085487365723,2,2230,1194557,N[C@@H](CCO)P(=O)(O)O,2756925,CCCCC\C=C\C\C=C/CCCCCCCCBr,2230.0,-1.0,,2756923.0,CCCCC\C=C/C\C=C\CCCCCCCCBr
C/C=C\CC/C=C\COC(=O)[C@@H](COP(=O)(O)O)NCC/C=C\C/C=C\C/C=C/C/C=C/C/C=C/C/C=C/CC,12380,1,14,0.8976753950119019,0.8976753950119019,2,1458,418964,N[C@H](COP(=O)(O)O)C(=O)O,2759028,C\C=C/CC\C=C/CCl,2230.0,-1.0,,2753557.0,CC\C=C\C\C=C\C\C=C\C\C=C\C\C=C/C\C=C/CCBr
CC/C=C\C/C=C\C/C=C\CCCCCCCOC(=O)[C@H](COP(=O)(O)O)NCC/C=C\C/C=C/C/C=C/C/C=C/C/C=C/C/C=C/CC,12389,1,17,0.8974981307983398,0.8974981307983398,2,1458,418963,N[C@@H](COP(=O)(O)O)C(=O)O,2758027,CC\C=C/C\C=C/C\C=C/CCCCCCCBr,2230.0,-1.0,,2753559.0,CC\C=C\C\C=C\C\C=C\C\C=C\C\C=C\C\C=C/CCBr
CC/C=C/C/C=C/C/C=C/C/C=C/C/C=C\C/C=C\CCN(CCCO)CCCOB(O)O,12347,1,2,0.8974497318267822,0.8974497318267822,1,2230,1194232,OCCCNCCCOB(O)O,2753557,CC\C=C\C\C=C\C\C=C\C\C=C\C\C=C/C\C=C/CCBr,,,,,
CC/C=C\C/C=C\C/C=C\CCCN(CCCCCCCCCCCCCCCCCCCCCCCCCCCCCCCCCCCC)C[C@@H](O)P(=O)(O)O,12451,1,37,0.8971924781799316,0.8971924781799316,2,2230,1194600,NC[C@@H](O)P(=O)(O)O,2754646,CCCCCCCCCCCCCCCCCCCCCCCCCCCCCCCCCCCCBr,2230.0,-1.0,,2758961.0,CC\C=C/C\C=C/C\C=C/CCCCl
CCCCC/C=C\C/C=C/CCCCCCCCN(CCCCCCCCCCCCCCCCCCCCCCCCCCCCCCCCCCCC)[C@@H](CO)P(=O)(O)O,12463,1,40,0.8965338468551636,0.8965338468551636,2,2230,1194262,N[C@@H](CO)P(=O)(O)O,2756923,CCCCC\C=C/C\C=C\CCCCCCCCBr,2230.0,-1.0,,2754646.0,CCCCCCCCCCCCCCCCCCCCCCCCCCCCCCCCCCCCBr
C/C=C/CC/C=C\CN(CCCCCCCCCCCCCC/C=C\CCCCCCCC)C[C@@](C)(O)P(=O)(O)O,12427,1,31,0.8964868187904358,0.8964868187904358,2,2230,1194576,C[C@@](O)(CN)P(=O)(O)O,2759413,CCCCCCCC\C=C/CCCCCCCCCCCCCCBr,2230.0,-1.0,,2759034.0,C\C=C\CC\C=C/CBr
CCCCC/C=C/C/C=C\CCCCCCCCN(CCCCCCCC/C=C\CCCCCCCC)C[C@](C)(O)P(=O)(O)O,12494,1,52,0.8956385254859924,0.8956385254859924,2,2230,1194595,C[C@](O)(CN)P(=O)(O)O,2755698,CCCCCCCC\C=C/CCCCCCCCBr,2230.0,-1.0,,2756925.0,CCCCC\C=C\C\C=C/CCCCCCCCBr
CC/C=C\C/C=C\C/C=C\C/C=C\C/C=C\C/C=C\CCOC(=O)[C@]12[C@@H]3[C@@H]4[C@H]1[C@@H]1[C@H]2[C@@H]3[C@@]41[C@H](N)C(=O)O,12342,1,1,0.8953227400779724,0.9041649103164673,1,1458,225993,N[C@H](C(=O)O)[C@]12[C@H]3[C@H]4[C@H]1[C@H]1[C@@H]2[C@@H]3[C@@]41C(=O)O,2753556,CC\C=C/C\C=C/C\C=C/C\C=C/C\C=C/C\C=C/CCBr,,,,,
C/C=C\C/C=C\CCCCCCN[C@@H](CCP(=O)(O)O)C(=O)OCCC/C=C\C/C=C\C/C=C\C/C=C\CCCCC,12459,0,39,0.8949092626571655,0.0,2,2230,418955,N[C@@H](CCP(=O)(O)O)C(=O)O,2756068,C\C=C/C\C=C/CCCCCCCl,1458.0,-1.0,,2757998.0,CCCCC\C=C/C\C=C/C\C=C/C\C=C/CCCBr
CC/C=C\C/C=C\C/C=C\C/C=C\C/C=C\C/C=C\CCN[C@H](C(=O)O)[C@]12[C@H]3[C@H]4[C@@H]1[C@H]1[C@H]2[C@@H]3[C@@]41C(=O)O,12340,0,1,0.8934241533279419,0.0,1,2230,225993,N[C@H](C(=O)O)[C@]12[C@H]3[C@H]4[C@H]1[C@H]1[C@@H]2[C@@H]3[C@@]41C(=O)O,2753556,CC\C=C/C\C=C/C\C=C/C\C=C/C\C=C/C\C=C/CCBr,,,,,
C/C=C\CC/C=C\CN[C@@](C)(COP(=O)(O)O)C(=O)OCCC/C=C\C/C=C\C/C=C/C/C=C\CCCCC,12396,1,19,0.8932453989982605,0.8932453989982605,2,1458,418962,C[C@](N)(COP(=O)(O)O)C(=O)O,2757999,CCCCC\C=C/C\C=C\C\C=C/C\C=C/CCCBr,2230.0,-1.0,,2759027.0,C\C=C/CC\C=C/CBr
CC/C=C\CC/C=C\COC(=O)[C@@](C)(COP(=O)(O)O)NCC/C=C/C/C=C\C/C=C/C/C=C/C/C=C/C/C=C/CC,12403,1,21,0.8929662704467773,0.8929662704467773,2,1458,418961,C[C@@](N)(COP(=O)(O)O)C(=O)O,2758297,CC\C=C/CC\C=C/CBr,2230.0,-1.0,,2753558.0,CC\C=C\C\C=C\C\C=C\C\C=C\C\C=C/C\C=C\CCBr
CC/C=C/C/C=C/C/C=C/C/C=C/C/C=C\C/C=C\CCN(CCCCCCCO)C(CO)CO,12349,1,3,0.8926160931587219,0.8926160931587219,1,2230,1188253,OCCCCCCCNC(CO)CO,2753557,CC\C=C\C\C=C\C\C=C\C\C=C\C\C=C/C\C=C/CCBr,,,,,
CCCCCCCCCCCCCCCCCCCCCCN(CCCCCCCCCCCCCCCCCCCCCC)C(F)([C@@H](O)CN1[C@@H]2[C@H](O)[C@H]3C[C@@H]2[C@@H]2[C@@H]3C[C@@H]1[C@@H]2O)N(CCCCCCCCCCCCCCCCCCCCCC)CCCCCCCCCCCCCCCCCCCCCC,12355,1,5,0.8911393880844116,0.8911393880844116,2,2230,2755068,CCCCCCCCCCCCCCCCCCCCCCNCCCCCCCCCCCCCCCCCCCCCC,1191457,O[C@@H]1[C@H]2C[C@@H]3[C@H]4[C@@H](O)[C@@H](C[C@H]24)N(C[C@H](O)C(F)(F)F)[C@H]13,2230.0,2755068.0,CCCCCCCCCCCCCCCCCCCCCCNCCCCCCCCCCCCCCCCCCCCCC,-1.0,
CC/C=C/C/C=C/C/C=C/C/C=C/C/C=C\C/C=C/CCN(CC[C@@H](C)O)C(CO)CO,12367,1,10,0.8903112411499023,0.8903112411499023,1,2230,1194350,C[C@@H](O)CCNC(CO)CO,2753558,CC\C=C\C\C=C\C\C=C\C\C=C\C\C=C/C\C=C\CCBr,,,,,
C/C=C/CC/C=C\CN[C@H](CCP(=O)(O)O)C(=O)OCC/C=C/C/C=C\C/C=C/C/C=C/C/C=C/C/C=C/CC,12443,0,35,0.8898862600326538,0.0,2,2230,418951,N[C@H](CCP(=O)(O)O)C(=O)O,2759035,C\C=C\CC\C=C/CCl,1458.0,-1.0,,2753558.0,CC\C=C\C\C=C\C\C=C\C\C=C\C\C=C/C\C=C\CCBr
CC/C=C\C/C=C\C/C=C\C/C=C\C/C=C\C/C=C\CCOC(=O)[C@@H](N)[C@]12[C@H]3[C@H]4[C@@H]1[C@H]1[C@H]2[C@@H]3[C@@]41C(=O)O,12341,0,1,0.8892999291419983,0.0,1,1458,225993,N[C@H](C(=O)O)[C@]12[C@H]3[C@H]4[C@H]1[C@H]1[C@@H]2[C@@H]3[C@@]41C(=O)O,2753556,CC\C=C/C\C=C/C\C=C/C\C=C/C\C=C/C\C=C/CCBr,,,,,
CCCCC/C=C\C/C=C\C/C=C\C/C=C\CCCNC[C@@H](O)CP(=O)(O)O,12371,1,12,0.8885882496833801,0.900990903377533,1,2230,1194558,NC[C@@H](O)CP(=O)(O)O,2757998,CCCCC\C=C/C\C=C/C\C=C/C\C=C/CCCBr,,,,,
CC/C=C/C/C=C/C/C=C/C/C=C/C/C=C/C/C=C\CCNC[C@H](O)CP(=O)(O)O,12357,1,6,0.8883861303329468,0.9037744998931885,1,2230,1194572,NC[C@H](O)CP(=O)(O)O,2753559,CC\C=C\C\C=C\C\C=C\C\C=C\C\C=C\C\C=C/CCBr,,,,,
CC/C=C/C/C=C/C/C=C/C/C=C/C/C=C/C/C=C/CCOC(=O)[C@@](C)(CO)N(CCC/C=C/C/C=C/C/C=C/C/C=C/CCCCC)CCC[C@H](C)O,12472,1,42,0.8880013823509216,0.8880013823509216,2,2230,416952,C[C@H](O)CCCN[C@](C)(CO)C(=O)O,2758000,CCCCC\C=C\C\C=C\C\C=C\C\C=C\CCCBr,1458.0,-1.0,,2753560.0,CC\C=C\C\C=C\C\C=C\C\C=C\C\C=C\C\C=C\CCBr
CCCCCCCC/C=C/CCCCCCCCCCCCCCN(CCCCCCCCCCCCCCCCCCCCCCCCCCCCCCCCCC)C(=O)CN(CCO)CCO,12520,1,60,0.8872700929641724,0.8872700929641724,2,22,2756722,CCCCCCCCCCCCCCCCCCCCCCCCCCCCCCCCCCN,418959,O=C(O)CN(CCO)CCO,2230.0,-1.0,,2759414.0,CCCCCCCC\C=C\CCCCCCCCCCCCCCBr
CC/C=C\C/C=C\C/C=C\CCCN[C@H](CO)P(=O)(O)O,12445,1,36,0.8868910074234009,0.9006265997886658,1,2230,1194272,N[C@H](CO)P(=O)(O)O,2758961,CC\C=C/C\C=C/C\C=C/CCCCl,,,,,
CC/C=C\CC/C=C/CN(CCCCCCCCCCCC/C=C\CCCCCCCC)C(F)(F)CCN(CCCO)C[C@H](O)CO,12500,1,54,0.8860815167427063,0.8860815167427063,2,2230,2752869,CCCCCCCC\C=C/CCCCCCCCCCCCN,1187823,OCCCN(CCC(F)(F)F)C[C@H](O)CO,2230.0,-1.0,,2758299.0,CC\C=C/CC\C=C\CBr
CC/C=C\C/C=C\C/C=C\CCCCCCCOC(=O)[C@@H](N)COP(=O)(O)O,12387,1,17,0.8857734799385071,0.8974981307983398,1,1458,418963,N[C@@H](COP(=O)(O)O)C(=O)O,2758027,CC\C=C/C\C=C/C\C=C/CCCCCCCBr,,,,,
CCCCC/C=C\C/C=C/C/C=C\C/C=C\CCCOC(=O)[C@@](C)(N)COP(=O)(O)O,12394,1,19,0.8856018781661987,0.8932453989982605,1,1458,418962,C[C@](N)(COP(=O)(O)O)C(=O)O,2757999,CCCCC\C=C/C\C=C\C\C=C/C\C=C/CCCBr,,,,,
C/C=C\CCN(CCCCCCCCCCCC)C(F)(CCN(C[C@H](O)CO)C[C@@H](C)O)N(CCCCCCCCCCCCCCCCCCCCCC)CCCCCCCCCCCCCCCCCCCCCC,12717,1,133,0.8851105570793152,0.8851105570793152,2,2230,2759175,C\C=C/CCNCCCCCCCCCCCC,1187867,C[C@@H](O)CN(CCC(F)(F)F)C[C@H](O)CO,2230.0,2755068.0,CCCCCCCCCCCCCCCCCCCCCCNCCCCCCCCCCCCCCCCCCCCCC,-1.0,
CC/C=C/C/C=C/C/C=C/C/C=C/C/C=C/C/C=C\CCOC(=O)CCN(CCO)CCO,12351,1,4,0.8843473196029663,0.8843473196029663,1,1458,418994,O=C(O)CCN(CCO)CCO,2753559,CC\C=C\C\C=C\C\C=C\C\C=C\C\C=C\C\C=C/CCBr,,,,,
CC/C=C\C/C=C\C/C=C\CCCCCCCN[C@@H](COP(=O)(O)O)C(=O)O,12386,0,17,0.8834245204925537,0.0,1,2230,418963,N[C@@H](COP(=O)(O)O)C(=O)O,2758027,CC\C=C/C\C=C/C\C=C/CCCCCCCBr,,,,,
CCCCC/C=C\C/C=C/C/C=C\C/C=C\CCCN[C@@](C)(COP(=O)(O)O)C(=O)O,12393,0,19,0.8832538723945618,0.0,1,2230,418962,C[C@](N)(COP(=O)(O)O)C(=O)O,2757999,CCCCC\C=C/C\C=C\C\C=C/C\C=C/CCCBr,,,,,
CCCCC/C=C\C/C=C\CCCCCCCCN[C@H](CCO)P(=O)(O)O,12435,1,34,0.8832319974899292,0.9003998637199402,1,2230,1194550,N[C@H](CCO)P(=O)(O)O,2756921,CCCCC\C=C/C\C=C/CCCCCCCCI,,,,,
CCCCCCCCCCCCCCCCCCCCCCCCCCCCCCCCCCCCNC[C@@H](O)P(=O)(O)O,12449,1,37,0.8828679919242859,0.8971924781799316,1,2230,1194600,NC[C@@H](O)P(=O)(O)O,2754646,CCCCCCCCCCCCCCCCCCCCCCCCCCCCCCCCCCCCBr,,,,,
CCCCC/C=C\C/C=C/CCCCCCCCN[C@@H](CO)P(=O)(O)O,12461,1,40,0.8827155232429504,0.8965338468551636,1,2230,1194262,N[C@@H](CO)P(=O)(O)O,2756923,CCCCC\C=C/C\C=C\CCCCCCCCBr,,,,,
CCCCC/C=C\C/C=C\CCCCCCCCN(CCCCO)C(CO)CO,12409,1,24,0.8824259042739868,0.8824259042739868,1,2230,1194527,OCCCCNC(CO)CO,2756920,CCCCC\C=C/C\C=C/CCCCCCCCBr,,,,,
CCCCCCCC/C=C\CCCCCCCCCCCCCCNC[C@@](C)(O)P(=O)(O)O,12425,1,31,0.8823543190956116,0.8964868187904358,1,2230,1194576,C[C@@](O)(CN)P(=O)(O)O,2759413,CCCCCCCC\C=C/CCCCCCCCCCCCCCBr,,,,,
CCCCCCCCCCCCCCCCCCCCCCN(CCCCCCCCCCCCCCCCCCCCCC)C(F)(F)[C@@H](O)CN1[C@@H]2[C@H](O)[C@H]3C[C@@H]2[C@@H]2[C@@H]3C[C@@H]1[C@@H]2O,12353,1,5,0.8822286128997803,0.8911393880844116,1,2230,2755068,CCCCCCCCCCCCCCCCCCCCCCNCCCCCCCCCCCCCCCCCCCCCC,1191457,O[C@@H]1[C@H]2C[C@@H]3[C@H]4[C@@H](O)[C@@H](C[C@H]24)N(C[C@H](O)C(F)(F)F)[C@H]13,,,,,
C/C=C/CC/C=C\COC(=O)[C@@](C)(CO)N(CCCCCCCC/C=C\CCCCCCCC)CCC[C@@H](C)O,12516,1,59,0.8809462189674377,0.8809462189674377,2,2230,417449,C[C@@H](O)CCCN[C@](C)(CO)C(=O)O,2755700,CCCCCCCC\C=C/CCCCCCCCI,1458.0,-1.0,,2759034.0,C\C=C\CC\C=C/CBr
CCCCCCCC/C=C\CCCCCCCCCCCCCCOC(=O)CS(=O)(=O)CCN(CCC(F)(F)N(CCCCCCCCCCCCCCCC)CCCCCCCCCCCCCCCCCC)C[C@H](O)CO,12604,1,93,0.8807910084724426,0.8807910084724426,2,2230,2756725,CCCCCCCCCCCCCCCCCCNCCCCCCCCCCCCCCCC,418636,O=C(O)CS(=O)(=O)CCN(CCC(F)(F)F)C[C@H](O)CO,1458.0,-1.0,,2759413.0,CCCCCCCC\C=C/CCCCCCCCCCCCCCBr
CCCCC/C=C/C/C=C\CCCCCCCCN[C@@H](CCO)P(=O)(O)O,12465,1,41,0.8796892762184143,0.8985085487365723,1,2230,1194557,N[C@@H](CCO)P(=O)(O)O,2756925,CCCCC\C=C\C\C=C/CCCCCCCCBr,,,,,
C/C=C\CC/C=C/COC(=O)[C@](C)(CO)N(CCCCCCCCCCCCCCCCCCCCCCCCCCCC)CCC[C@@H](C)O,12556,1,75,0.8796021938323975,0.8796021938323975,2,2230,417652,C[C@@H](O)CCCN[C@@](C)(CO)C(=O)O,2757153,CCCCCCCCCCCCCCCCCCCCCCCCCCCCBr,1458.0,-1.0,,2759030.0,C\C=C/CC\C=C\CBr
C/C=C\C/C=C\CCN(CC/C=C\C/C=C\C/C=C/C/C=C/C/C=C/C/C=C/CC)[C@](C)(C(=O)O)C12[C@H]3[C@H]4[C@@H]1[C@H]1[C@@H]2[C@@H]3C41C(=O)O,12587,1,87,0.8795861601829529,0.8795861601829529,2,2230,225972,C[C@@](N)(C(=O)O)C12[C@H]3[C@H]4[C@@H]1[C@H]1[C@@H]2[C@@H]3C41C(=O)O,2758739,C\C=C/C\C=C/CCCl,2230.0,-1.0,,2753557.0,CC\C=C\C\C=C\C\C=C\C\C=C\C\C=C/C\C=C/CCBr
C/C=C\CC/C=C/COC(=O)CCN(CCOC)CCC(=O)OCC/C=C/C/C=C/C/C=C/C/C=C/C/C=C/C/C=C/CC,12417,1,27,0.8786820769309998,0.8786820769309998,2,1458,226014,COCCN(CCC(=O)O)CCC(=O)O,2759030,C\C=C/CC\C=C\CBr,1458.0,-1.0,,2753560.0,CC\C=C\C\C=C\C\C=C\C\C=C\C\C=C\C\C=C\CCBr
CCCCCCCCCC/C=C\CCN(CCC(=O)OCCCCCCCCCCCCCCCCCCCCCCCCCCCCCC)C(=O)CN(CCO)CCO,12772,1,149,0.8777827620506287,0.8777827620506287,2,2230,417717,O=C(O)CCNC(=O)CN(CCO)CCO,2756380,CCCCCCCCCC\C=C/CCCl,1458.0,-1.0,,2753522.0,CCCCCCCCCCCCCCCCCCCCCCCCCCCCCCBr
CC/C=C/C/C=C/C/C=C/C/C=C/C/C=C/C/C=C/CCN(C[C@H](O)CCC(C)C)C(CO)CO,12384,1,16,0.8770230412483215,0.8770230412483215,1,2230,1187789,CC(C)CC[C@@H](O)CNC(CO)CO,2753560,CC\C=C\C\C=C\C\C=C\C\C=C\C\C=C\C\C=C\CCBr,,,,,
CCCCCCCCCCCCCCCCCCCCCCCCCCCCCCN(C[C@@H](S)CS)C(CO)(CO)CO,12536,1,68,0.8765816688537598,0.8765816688537598,1,2230,1189873,OCC(CO)(CO)NC[C@@H](S)CS,2753524,CCCCCCCCCCCCCCCCCCCCCCCCCCCCCCI,,,,,
CCCCCCC/C=C/CCCCCCCCCNC(CN(CCO)C[C@@H](O)[C@H](C)O)N(CCCCCCCCCCCCCCCCCC)CCCCCCCCCCCCCCCCCC,12893,1,196,0.8762871026992798,0.8762871026992798,2,2230,2757866,CCCCCCC\C=C\CCCCCCCCCN,1187923,C[C@H](O)[C@H](O)CN(CCO)CC(F)F,2230.0,2754648.0,CCCCCCCCCCCCCCCCCCNCCCCCCCCCCCCCCCCCC,-1.0,
CCCCCCCCCCCCCCCCCCCCCCCCCCCCCCN(CCCCCCCCCCCCCCCCCCCCCCCCCC)C(=O)[C@@](C)(O)CN(CCC)CCO,12763,1,146,0.8761765360832214,0.8761765360832214,2,22,2754233,CCCCCCCCCCCCCCCCCCCCCCCCCCN,417318,CCCN(CCO)C[C@](C)(O)C(=O)O,2230.0,-1.0,,2753522.0,CCCCCCCCCCCCCCCCCCCCCCCCCCCCCCBr
CC/C=C/C/C=C\C/C=C/CCCN(C[C@H](O)CCC(C)C)[C@@H](CO)C(=O)OCCCCCCCC/C=C\CCCCCCCC,12745,1,141,0.8757819533348083,0.8757819533348083,2,2230,416959,CC(C)CC[C@@H](O)CN[C@@H](CO)C(=O)O,2758964,CC\C=C\C\C=C/C\C=C\CCCCl,1458.0,-1.0,,2755698.0,CCCCCCCC\C=C/CCCCCCCCBr
CCCCCCCC/C=C\CCCCCCCCN(C[C@H](S)CS)C(CO)(CO)CO,12511,1,58,0.875697910785675,0.875697910785675,1,2230,1189870,OCC(CO)(CO)NC[C@H](S)CS,2755700,CCCCCCCC\C=C/CCCCCCCCI,,,,,
CCCCCCCC/C=C/CCCCCCCCN(C[C@H](O)C(=O)OCCCCCCCCCCCCCCCCCCCCCCCCCCCCCCCCCC)C[C@H](O)CCC(C)C,12732,1,136,0.8754315376281738,0.8754315376281738,2,2230,417079,CC(C)CC[C@@H](O)CNC[C@H](O)C(=O)O,2755705,CCCCCCCC\C=C\CCCCCCCCCl,1458.0,-1.0,,2756721.0,CCCCCCCCCCCCCCCCCCCCCCCCCCCCCCCCCCI
CC/C=C\CCCCCCCCN(CCC(C)(C)O)[C@@](C)(CO)C(=O)OCCCCCCCC/C=C/C/C=C/CCCCC,12850,1,179,0.8749141693115234,0.8749141693115234,2,2230,417453,CC(C)(O)CCN[C@@](C)(CO)C(=O)O,2755155,CC\C=C/CCCCCCCCCl,1458.0,-1.0,,2756927.0,CCCCC\C=C\C\C=C\CCCCCCCCBr
CCCCC/C=C\C/C=C\CCCCCCCOC(=O)CCN(CC/C=C\CCCCCCCCCCCC)C[C@@H](O)CC(C)(C)O,12575,1,83,0.8748895525932312,0.8748895525932312,2,2230,417121,CC(C)(O)C[C@H](O)CNCCC(=O)O,2758203,CCCCCCCCCCCC\C=C/CCBr,1458.0,-1.0,,2757990.0,CCCCC\C=C/C\C=C/CCCCCCCBr
CCCCCCCC/C=C\CCCCCCCCNC[C@](C)(O)P(=O)(O)O,12492,1,52,0.8748864531517029,0.8956385254859924,1,2230,1194595,C[C@](O)(CN)P(=O)(O)O,2755698,CCCCCCCC\C=C/CCCCCCCCBr,,,,,
CCCCC/C=C/C/C=C/C/C=C/C/C=C/CCCN(CCC[C@H](C)O)[C@](C)(CO)C(=O)O,12469,1,42,0.8743044137954712,0.8880013823509216,1,2230,416952,C[C@H](O)CCCN[C@](C)(CO)C(=O)O,2758000,CCCCC\C=C\C\C=C\C\C=C\C\C=C\CCCBr,,,,,
CCCCCCCCCCCCCCCCCCCCCCCCCCN(CCCO)C(CO)CO,12595,1,90,0.8742645978927612,0.8742645978927612,1,2230,1194440,OCCCNC(CO)CO,2754232,CCCCCCCCCCCCCCCCCCCCCCCCCCBr,,,,,
CCCCC/C=C/C/C=C/C/C=C/C/C=C/CCCOC(=O)[C@@H](O)CN(CCCCCCCCCCCCCCCCCCCCCCCC)C[C@@H](O)CCC(C)C,12685,1,121,0.8735939264297485,0.8735939264297485,2,2230,417259,CC(C)CC[C@H](O)CNC[C@H](O)C(=O)O,2752988,CCCCCCCCCCCCCCCCCCCCCCCCBr,1458.0,-1.0,,2758000.0,CCCCC\C=C\C\C=C\C\C=C\C\C=C\CCCBr
C/C=C\CC/C=C\CN(CC[C@H](C)O)C(CO)CO,12363,1,8,0.8726362586021423,0.8726362586021423,1,2230,1194372,C[C@H](O)CCNC(CO)CO,2759027,C\C=C/CC\C=C/CBr,,,,,
CCCCCCCC/C=C\CCCCCCCCCCCCCCOC(=O)CN(CCO)CCCO,12423,1,30,0.8724172115325928,0.8724172115325928,1,1458,419024,O=C(O)CN(CCO)CCCO,2759413,CCCCCCCC\C=C/CCCCCCCCCCCCCCBr,,,,,
CCCCCCCCCCCCCCCCCCCCCCCCCCCCCCCCCCNC(=O)CN(CCO)CCO,12518,1,60,0.8722811937332153,0.8872700929641724,1,22,2756722,CCCCCCCCCCCCCCCCCCCCCCCCCCCCCCCCCCN,418959,O=C(O)CN(CCO)CCO,,,,,
CCCCC/C=C/C/C=C/CCCCCCCCN(CC[C@@H](O)C(C)C)[C@@](C)(CO)C(=O)N(CCCCCCCCCCCCCC)CCCCCCCCCCCCCC,12804,1,161,0.8722048401832581,0.8722048401832581,2,22,2757156,CCCCCCCCCCCCCCNCCCCCCCCCCCCCC,417402,CC(C)[C@H](O)CCN[C@@](C)(CO)C(=O)O,2230.0,-1.0,,2756927.0,CCCCC\C=C\C\C=C\CCCCCCCCBr
CC/C=C\C/C=C\C/C=C\CCCCCCCOC(=O)[C@@H](C)N(CCN(CCCCCCC/C=C\CCCCCCCC)C(C)=O)C[C@H](O)CCC1(O)CCC1,12505,1,55,0.8721421957015991,0.8721421957015991,2,2230,419469,CC(=O)NCCN(C[C@H](O)CCC1(O)CCC1)[C@H](C)C(=O)O,2759893,CCCCCCCC\C=C/CCCCCCCBr,1458.0,-1.0,,2758027.0,CC\C=C/C\C=C/C\C=C/CCCCCCCBr
CC/C=C\C/C=C\C/C=C\CCCOC(=O)[C@H](C)N(CC)CCS(=O)(=O)CC(=O)OCCCCCCCC/C=C/CCCCCCCC,12635,1,104,0.8721247911453247,0.8721247911453247,2,1458,226256,CCN(CCS(=O)(=O)CC(=O)O)[C@@H](C)C(=O)O,2755704,CCCCCCCC\C=C\CCCCCCCCBr,1458.0,-1.0,,2758961.0,CC\C=C/C\C=C/C\C=C/CCCCl
CC/C=C/C/C=C/C/C=C/C/C=C/C/C=C\C/C=C/CCN(CCSCCCO)C[C@H](O)C[C@]1(O)CCOC1,12365,1,9,0.872090220451355,0.872090220451355,1,2230,1190901,OCCCSCCNC[C@H](O)C[C@]1(O)CCOC1,2753558,CC\C=C\C\C=C\C\C=C\C\C=C\C\C=C/C\C=C\CCBr,,,,,
C/C=C\CC/C=C/CNC[C@H](O)P(=O)(O)O,12429,1,32,0.8720606565475464,0.89863121509552,1,2230,1194570,NC[C@H](O)P(=O)(O)O,2759031,C\C=C/CC\C=C\CCl,,,,,
CCCCC/C=C\C/C=C\C/C=C\C/C=C\CCCN(CCSCCCO)C[C@H](O)C[C@@]1(O)CCOC1,12369,1,11,0.8719372153282166,0.8719372153282166,1,2230,1191369,OCCCSCCNC[C@H](O)C[C@@]1(O)CCOC1,2757998,CCCCC\C=C/C\C=C/C\C=C/C\C=C/CCCBr,,,,,
C/C=C\C/C=C\CCN[C@](C)(C(=O)OCC/C=C\C/C=C\C/C=C/C/C=C/C/C=C/C/C=C/CC)C12[C@H]3[C@H]4[C@@H]1[C@H]1[C@@H]2[C@@H]3C41C(=O)O,12588,0,87,0.8716880679130554,0.0,2,2230,225972,C[C@@](N)(C(=O)O)C12[C@H]3[C@H]4[C@@H]1[C@H]1[C@@H]2[C@@H]3C41C(=O)O,2758739,C\C=C/C\C=C/CCCl,1458.0,-1.0,,2753557.0,CC\C=C\C\C=C\C\C=C\C\C=C\C\C=C/C\C=C/CCBr
CCCCC/C=C\C/C=C\CCCCCCCCOC(=O)CCOCCOCCN(CCCCCCCCCCCCCCCCCCCCCCCCCCCCCC)CCOCCOCCC(=O)O,12549,1,73,0.8715702295303345,0.8715702295303345,2,2230,226328,O=C(O)CCOCCOCCNCCOCCOCCC(=O)O,2753523,CCCCCCCCCCCCCCCCCCCCCCCCCCCCCCCl,1458.0,-1.0,,2756920.0,CCCCC\C=C/C\C=C/CCCCCCCCBr
CCCCCCCCCCCCCCCCCCCCCCCCCCCCN(CCC[C@@H](C)O)[C@@](C)(CO)C(=O)O,12553,1,75,0.8714696168899536,0.8796021938323975,1,2230,417652,C[C@@H](O)CCCN[C@@](C)(CO)C(=O)O,2757153,CCCCCCCCCCCCCCCCCCCCCCCCCCCCBr,,,,,
CCCCCC/C=C\CCCCCCCCCCN(CCCCCCCCCCCCCCCCCCCCCCCCCCCCCCCCCC)C(=O)CN(CCOC)C[C@@H](O)C[C@](C)(O)C1CC1,12662,1,114,0.8713021874427795,0.8713021874427795,2,22,2756808,CCCCCC\C=C/CCCCCCCCCCN,418413,COCCN(CC(=O)O)C[C@@H](O)C[C@](C)(O)C1CC1,2230.0,-1.0,,2756721.0,CCCCCCCCCCCCCCCCCCCCCCCCCCCCCCCCCCI
CC/C=C/C/C=C/C/C=C\CCCOC(=O)CCN(CCOC)[C@H](C)C(=O)OCCCCCCCC/C=C/C/C=C\CCCCC,12675,1,119,0.8712292313575745,0.8712292313575745,2,1458,226004,COCCN(CCC(=O)O)[C@H](C)C(=O)O,2758966,CC\C=C\C\C=C\C\C=C/CCCCl,1458.0,-1.0,,2756923.0,CCCCC\C=C/C\C=C\CCCCCCCCBr
C/C=C\CC/C=C\COC(=O)[C@H](N)COP(=O)(O)O,12378,1,14,0.8705572485923767,0.8976753950119019,1,1458,418964,N[C@H](COP(=O)(O)O)C(=O)O,2759028,C\C=C/CC\C=C/CCl,,,,,
C/C=C\C/C=C\CCCCCCN[C@@H](CCP(=O)(O)O)C(=O)O,12455,1,39,0.8702502846717834,0.9061980247497559,1,2230,418955,N[C@@H](CCP(=O)(O)O)C(=O)O,2756068,C\C=C/C\C=C/CCCCCCCl,,,,,
C/C=C\C/C=C\CCN[C@](C)(C(=O)O)C12[C@H]3[C@H]4[C@@H]1[C@H]1[C@@H]2[C@@H]3C41C(=O)OCC/C=C\C/C=C\C/C=C/C/C=C/C/C=C/C/C=C/CC,12589,0,87,0.8700610399246216,0.0,2,2230,225972,C[C@@](N)(C(=O)O)C12[C@H]3[C@H]4[C@@H]1[C@H]1[C@@H]2[C@@H]3C41C(=O)O,2758739,C\C=C/C\C=C/CCCl,1458.0,-1.0,,2753557.0,CC\C=C\C\C=C\C\C=C\C\C=C\C\C=C/C\C=C/CCBr
CCCCCCCC/C=C\CCCCCCCCCCCCNC(F)(F)CCN(CCCO)C[C@H](O)CO,12498,1,54,0.8696117401123047,0.8860815167427063,1,2230,2752869,CCCCCCCC\C=C/CCCCCCCCCCCCN,1187823,OCCCN(CCC(F)(F)F)C[C@H](O)CO,,,,,
CCCCCCCCCCCCCCCCCCCCCCCCCCCCCCCCCCN(C[C@H](O)CSC)[C@@H](CO)[C@@H](O)CCC,12486,1,49,0.8696078658103943,0.8696078658103943,1,2230,1187633,CCC[C@H](O)[C@H](CO)NC[C@H](O)CSC,2756721,CCCCCCCCCCCCCCCCCCCCCCCCCCCCCCCCCCI,,,,,
CCCCC/C=C\C/C=C\CCN(C/C=C(/C)C(=O)N(C)CC/C=C(/C)CCCCCCCCC)C(CO)CO,12814,1,165,0.8691644072532654,0.8691644072532654,2,22,2756519,CCCCCCCCC\C(C)=C/CCNC,419066,C/C(=C/CNC(CO)CO)C(=O)O,2230.0,-1.0,,2757567.0,CCCCC\C=C/C\C=C/CCBr
C/C=C\CC/C=C/COC(=O)CN(CCSCC(=O)N(C)CC/C=C(/C)CCCCCCCCCCCC)CC(=O)O,12609,1,94,0.8690617680549622,0.8690617680549622,2,22,2753384,CCCCCCCCCCCC\C(C)=C/CCNC,226481,O=C(O)CSCCN(CC(=O)O)CC(=O)O,1458.0,-1.0,,2759031.0,C\C=C/CC\C=C\CCl
CCCCCCCC/C=C\CCCCCCCCCCCCNC(=O)/C(C)=C/CN(C/C=C\CCCCCCCCCC)C(CO)CO,12759,1,145,0.8687397837638855,0.8687397837638855,2,2230,419041,C/C(=C\CNC(CO)CO)C(=O)O,2757956,CCCCCCCCCC\C=C/CCl,22.0,2752869.0,CCCCCCCC\C=C/CCCCCCCCCCCCN,-1.0,
CCCCCCCC/C=C\CCCCCCCCN(CCC[C@@H](C)O)[C@](C)(CO)C(=O)O,12513,1,59,0.8683438301086426,0.8809462189674377,1,2230,417449,C[C@@H](O)CCCN[C@](C)(CO)C(=O)O,2755700,CCCCCCCC\C=C/CCCCCCCCI,,,,,
C=C[C@H](CO)N(C[C@H](O)[C@@H](C)O)C(=O)N(CCCCCCCC/C=C\C/C=C\CCCCC)CCCCCCCCCCCCCCCCCCCCCCCCCCCCCC,12618,1,97,0.8680810332298279,0.8680810332298279,2,2430,2753525,CCCCCCCCCCCCCCCCCCCCCCCCCCCCCCN,1194278,C=C[C@H](CO)NC[C@H](O)[C@@H](C)O,2230.0,-1.0,,2756921.0,CCCCC\C=C/C\C=C/CCCCCCCCI
C/C=C\C/C=C\CCCCCCOC(=O)[C@@H](N)CCP(=O)(O)O,12456,0,39,0.8675881028175354,0.0,1,1458,418955,N[C@@H](CCP(=O)(O)O)C(=O)O,2756068,C\C=C/C\C=C/CCCCCCCl,,,,,
CC/C=C/C/C=C/C/C=C/C/C=C/C/C=C/C/C=C/CCN(CC[C@H](C)CCO)C[C@H](O)C[C@]1(O)CCOC1,12382,1,15,0.8655864596366882,0.8655864596366882,1,2230,1193475,C[C@H](CCO)CCNC[C@H](O)C[C@]1(O)CCOC1,2753560,CC\C=C\C\C=C\C\C=C\C\C=C\C\C=C\C\C=C\CCBr,,,,,
C/C=C\CC/C=C\CN[C@H](COP(=O)(O)O)C(=O)O,12377,0,14,0.8655213713645935,0.0,1,2230,418964,N[C@H](COP(=O)(O)O)C(=O)O,2759028,C\C=C/CC\C=C/CCl,,,,,
CCCCC/C=C\C/C=C\CCCCCCCOC(=O)CCN(C[C@@H](C)O)[C@H](C)CO,12419,1,28,0.8650984764099121,0.8650984764099121,1,1458,417120,C[C@H](CO)N(CCC(=O)O)C[C@@H](C)O,2757990,CCCCC\C=C/C\C=C/CCCCCCCBr,,,,,
C=C[C@H](CO)N(C[C@@H](O)[C@@H](C)O)C(=O)N(CCCCCCCC/C=C\C/C=C/CCCCC)CCCCCCCCCCCCCCCCCCCCCCCCCCCC,12680,1,120,0.8648980259895325,0.8648980259895325,2,2430,2757154,CCCCCCCCCCCCCCCCCCCCCCCCCCCCN,1194289,C=C[C@H](CO)NC[C@@H](O)[C@@H](C)O,2230.0,-1.0,,2756925.0,CCCCC\C=C\C\C=C/CCCCCCCCBr
C=C/C=C\CC/C=C\CCN(CCOCCO)C(CO)CO,12702,1,128,0.8648088574409485,0.8648088574409485,1,2230,1194522,OCCOCCNC(CO)CO,2758457,C=C\C=C/CC\C=C/CCBr,,,,,
CCCCCCCCC/C=C\CCN(C)C(=O)CN(CC(=O)OCCCCCCCCCCCCCCCCCCCCCCCCCCCCCC)C[C@@H](O)COCCCC,12840,1,177,0.8642936944961548,0.8642936944961548,2,22,2757583,CCCCCCCCC\C=C/CCNC,34,CCCCOC[C@H](O)CN(CC(=O)O)CC(=O)O,1458.0,-1.0,,2753524.0,CCCCCCCCCCCCCCCCCCCCCCCCCCCCCCI
CC/C=C\CC/C=C\COC(=O)[C@](C)(N)COP(=O)(O)O,12401,1,21,0.8640855550765991,0.8929662704467773,1,1458,418961,C[C@@](N)(COP(=O)(O)O)C(=O)O,2758297,CC\C=C/CC\C=C/CBr,,,,,
CCCCCCCC/C=C\CCCCCCCCN(CCCCCCCCCCCCCCCCCCCCCCCCCCCCCCCCCCCC)C(=O)N(C[C@H](O)C[C@@]1(O)CCOC1)C[C@H](CC)CCO,12654,1,111,0.8640256524085999,0.8640256524085999,2,2430,2755701,CCCCCCCC\C=C/CCCCCCCCN,1193664,CC[C@H](CCO)CNC[C@H](O)C[C@@]1(O)CCOC1,2230.0,-1.0,,2754646.0,CCCCCCCCCCCCCCCCCCCCCCCCCCCCCCCCCCCCBr
C/C=C/C[C@H](CO)N(CCC/C=C\C/C=C\C/C=C/C/C=C\CCCCC)C[C@H](O)C[C@]1(O)CCOC1,12391,1,18,0.8638952970504761,0.8638952970504761,1,2230,1193616,C/C=C/C[C@H](CO)NC[C@H](O)C[C@]1(O)CCOC1,2757999,CCCCC\C=C/C\C=C\C\C=C/C\C=C/CCCBr,,,,,
CCCCCCCCCCCCCCCCCCN(CCCCCCCCCCCCCCCCCC)C(=O)CCCN(C)C[C@@H](O)[C@@H](C)O,12566,1,80,0.8634718060493469,0.8634718060493469,1,22,2754648,CCCCCCCCCCCCCCCCCCNCCCCCCCCCCCCCCCCCC,417053,C[C@@H](O)[C@H](O)CN(C)CCCC(=O)O,,,,,
CCCCCCCC/C=C\CCCCCCCCOC(=O)[C@@H](C)N(CCO)CCO,12490,1,51,0.8632121682167053,0.8632121682167053,1,1458,419143,C[C@H](C(=O)O)N(CCO)CCO,2755698,CCCCCCCC\C=C/CCCCCCCCBr,,,,,
CCCCCCCCCCCCCCCCCCCCCCCCCCCCCCCCCCOC(=O)/C(C)=C\CN(CCO)C[C@@H](C)O,12488,1,50,0.8631342649459839,0.8631342649459839,1,1458,416956,C/C(=C/CN(CCO)C[C@@H](C)O)C(=O)O,2756721,CCCCCCCCCCCCCCCCCCCCCCCCCCCCCCCCCCI,,,,,
CC/C=C/CC/C=C/CN(CCN(C[C@H](O)CC1(O)CCCC1)[C@@H](C)C(=O)N(CCCCCCCCCCCCCCCCCCCCCC)CCCCCCCCCCCCCCCCCCCCCC)C(C)=O,12727,1,135,0.8629450798034668,0.8629450798034668,2,2230,419317,CC(=O)NCCN(C[C@H](O)CC1(O)CCCC1)[C@@H](C)C(=O)O,2758303,CC\C=C\CC\C=C\CBr,22.0,2755068.0,CCCCCCCCCCCCCCCCCCCCCCNCCCCCCCCCCCCCCCCCCCCCC,-1.0,
CCCCCCCCCCCCCCCCCCCCCCCCCCCN(C[C@@H](O)CC)[C@@H](CO)[C@H](O)CCC,12630,1,103,0.8623854517936707,0.8623854517936707,1,2230,1188329,CCC[C@@H](O)[C@H](CO)NC[C@@H](O)CC,2757850,CCCCCCCCCCCCCCCCCCCCCCCCCCCCl,,,,,
CCCCCCCCCCCCCCCCCCN(CCCCCCCCCCCCCCCCCC)C(=O)CCN(CCOC)C[C@@H](O)[C@@H](C)O,12564,1,79,0.8621551990509033,0.8621551990509033,1,22,2754648,CCCCCCCCCCCCCCCCCCNCCCCCCCCCCCCCCCCCC,417329,COCCN(CCC(=O)O)C[C@@H](O)[C@@H](C)O,,,,,
CCCCCCCCCCCCCCCCCCN(CCCCCCCCCCCCCCCC)C(F)(F)CCN(CCS(=O)(=O)CC(=O)O)C[C@H](O)CO,12602,1,93,0.8618916869163513,0.8807910084724426,1,2230,2756725,CCCCCCCCCCCCCCCCCCNCCCCCCCCCCCCCCCC,418636,O=C(O)CS(=O)(=O)CCN(CCC(F)(F)F)C[C@H](O)CO,,,,,
CCCCCCCC/C=C\CCCCCCCCN(CCCCCCCCCCCCCCCCCCCCCCCC)C(=O)N(C[C@H](O)CSC)C(CO)CO,12845,1,178,0.8617640137672424,0.8617640137672424,2,2430,2752989,CCCCCCCCCCCCCCCCCCCCCCCCN,1194423,CSC[C@@H](O)CNC(CO)CO,2230.0,-1.0,,2755699.0,CCCCCCCC\C=C/CCCCCCCCCl
C/C=C/C/C=C\CCCCCCN(CCCCCCCC/C=C/CCCCCCCC)C(=O)/C=C(/C)CN1CC[C@H](O)[C@@H](CO)C1,12889,1,195,0.8615655303001404,0.8615655303001404,2,22,2755706,CCCCCCCC\C=C\CCCCCCCCN,417469,C/C(=C/C(=O)O)CN1CC[C@H](O)[C@@H](CO)C1,2230.0,-1.0,,2756072.0,C\C=C\C\C=C/CCCCCCCl
CC/C=C\CC/C=C\CN[C@](C)(COP(=O)(O)O)C(=O)O,12400,0,21,0.8611648678779602,0.0,1,2230,418961,C[C@@](N)(COP(=O)(O)O)C(=O)O,2758297,CC\C=C/CC\C=C/CBr,,,,,
CCCCCCCC/C=C\CCCCCCCCN(C[C@H](O)[C@@H](C)O)[C@@H](CCO)C(C)C,12522,1,61,0.8609882593154907,0.8609882593154907,1,2230,1187836,CC(C)[C@H](CCO)NC[C@H](O)[C@@H](C)O,2755699,CCCCCCCC\C=C/CCCCCCCCCl,,,,,
CCCCCCCCCCCCCCCCCCN(CCCCCCCCCCCCCCCC)C(=O)CS(=O)(=O)CCN(CCC(F)(F)F)C[C@H](O)CO,12601,0,93,0.8606456518173218,0.0,1,22,2756725,CCCCCCCCCCCCCCCCCCNCCCCCCCCCCCCCCCC,418636,O=C(O)CS(=O)(=O)CCN(CCC(F)(F)F)C[C@H](O)CO,,,,,
CCCCCCCCCCCCCCCCCCCCCCCCCOC(=O)CN(CCO)C[C@H](C)O,12639,1,106,0.8604410290718079,0.8604410290718079,1,1458,418998,C[C@H](O)CN(CCO)CC(=O)O,2752509,CCCCCCCCCCCCCCCCCCCCCCCCCBr,,,,,
CCCCCCCCCCCCCCCCCCCCCCCCCCCCCCOC(=O)CCCN(C)C[C@@H](O)[C@H](C)O,12534,1,67,0.8598372340202332,0.8598372340202332,1,1458,417489,C[C@H](O)[C@H](O)CN(C)CCCC(=O)O,2753524,CCCCCCCCCCCCCCCCCCCCCCCCCCCCCCI,,,,,
CCCCCCCCCCCCCCCCCCCCCCN(C[C@@H](O)CSC)C(CO)CO,12784,1,153,0.8598001003265381,0.8598001003265381,1,2230,1194451,CSC[C@H](O)CNC(CO)CO,2758186,CCCCCCCCCCCCCCCCCCCCCCBr,,,,,
C/C=C\C/C=C\CCCCCCOC(=O)[C@H](C)N(CCO)CCO,12453,1,38,0.8597954511642456,0.8597954511642456,1,1458,419148,C[C@@H](C(=O)O)N(CCO)CCO,2756068,C\C=C/C\C=C/CCCCCCCl,,,,,
CCCCCC/C=C\CCCCCCCCN(C(=O)NCCCCCCCCCCCCCCCCCCCCCCCCCCCCCCCCCC)C(=O)N(C[C@@H](C)O)CC(C)(CO)CO,12781,1,152,0.8597341179847717,0.8597341179847717,2,2430,2759418,CCCCCC\C=C/CCCCCCCCN,1194457,C[C@@H](O)CNCC(C)(CO)CO,2430.0,2756722.0,CCCCCCCCCCCCCCCCCCCCCCCCCCCCCCCCCCN,-1.0,
CCCCC/C=C/C/C=C/C/C=C/C/C=C/CCCOC(=O)[C@@](C)(CO)NCCC[C@H](C)O,12470,0,42,0.8596463799476624,0.0,1,1458,416952,C[C@H](O)CCCN[C@](C)(CO)C(=O)O,2758000,CCCCC\C=C\C\C=C\C\C=C\C\C=C\CCCBr,,,,,
CCCCCCCC/C=C\CCCCCCCCN(CC/C=C\CCCCCCCCCCCC)C(=O)CN(CCC(=O)OC)C[C@@H](O)C[C@@](C)(O)C1CC1,12794,1,157,0.8594172596931458,0.8594172596931458,2,22,2758205,CCCCCCCCCCCC\C=C/CCN,418298,COC(=O)CCN(CC(=O)O)C[C@@H](O)C[C@@](C)(O)C1CC1,2230.0,-1.0,,2755699.0,CCCCCCCC\C=C/CCCCCCCCCl
CCCCC/C=C\C/C=C/CCN(CCN(C[C@H](O)CC1(O)CCCC1)[C@H](C)C(=O)NCCCCCCCCCCCC/C=C\CCCCCCCC)C(C)=O,12750,1,142,0.8593778610229492,0.8593778610229492,2,2230,418299,CC(=O)NCCN(C[C@H](O)CC1(O)CCCC1)[C@H](C)C(=O)O,2757569,CCCCC\C=C/C\C=C\CCBr,22.0,2752869.0,CCCCCCCC\C=C/CCCCCCCCCCCCN,-1.0,
CCCCC/C=C\C/C=C\CCCCCCCCN(C/C=C\CO)C[C@H](O)C[C@]1(O)CCOC1,12411,1,25,0.8584417104721069,0.8584417104721069,1,2230,1188254,OC/C=C\CNC[C@H](O)C[C@]1(O)CCOC1,2756920,CCCCC\C=C/C\C=C/CCCCCCCCBr,,,,,
CCCCC/C=C/C/C=C/CCCCCCCCOC(=O)CCN(C)CC(C)(CO)CO,12526,1,63,0.8582490086555481,0.8582490086555481,1,1458,417425,CN(CCC(=O)O)CC(C)(CO)CO,2756927,CCCCC\C=C\C\C=C\CCCCCCCCBr,,,,,
CCCCCCCC/C=C/CCCCCCCCCCCCCCN(CCCCCO)C[C@H](O)C[C@@]1(O)CCOC1,12478,1,45,0.8581224083900452,0.8581224083900452,1,2230,1188151,OCCCCCNC[C@H](O)C[C@@]1(O)CCOC1,2759414,CCCCCCCC\C=C\CCCCCCCCCCCCCCBr,,,,,
C=C/C=C\CC/C=C\CCN(C[C@H](C)O)CC(C)(CO)CO,12704,1,129,0.8580262064933777,0.8580262064933777,1,2230,1194418,C[C@H](O)CNCC(C)(CO)CO,2758457,C=C\C=C/CC\C=C/CCBr,,,,,
CCCCCCCCCCCCCCCCCCCCCCCCCCCCOC(=O)[C@](C)(CO)NCCC[C@@H](C)O,12554,0,75,0.8580149412155151,0.0,1,1458,417652,C[C@@H](O)CCCN[C@@](C)(CO)C(=O)O,2757153,CCCCCCCCCCCCCCCCCCCCCCCCCCCCBr,,,,,
CCCCCCCCCCCCCCCCCCCCCCCCCCCCCCN(C[C@H](O)C[C@@]1(O)CCOC1)[C@H](C)CCCO,12509,1,57,0.8577152490615845,0.8577152490615845,1,2230,1187838,C[C@H](CCCO)NC[C@H](O)C[C@@]1(O)CCOC1,2753522,CCCCCCCCCCCCCCCCCCCCCCCCCCCCCCBr,,,,,
C/C=C\CCN(CCCCCCCCCC)C(=O)[C@H](C)N(CCN(CCC/C=C\C/C=C\C/C=C/CC)C(C)=O)C[C@H](O)C(C)(C)O,12878,1,192,0.8574636578559875,0.8574636578559875,2,22,2758245,C\C=C/CCNCCCCCCCCCC,418131,CC(=O)NCCN(C[C@H](O)C(C)(C)O)[C@@H](C)C(=O)O,2230.0,-1.0,,2758962.0,CC\C=C\C\C=C/C\C=C/CCCCl
C/C=C/CC/C=C\CN[C@H](CCP(=O)(O)O)C(=O)O,12439,1,35,0.8574629426002502,0.8991377353668213,1,2230,418951,N[C@H](CCP(=O)(O)O)C(=O)O,2759035,C\C=C\CC\C=C/CCl,,,,,
CC/C=C/C/C=C\C/C=C/CCCN(C[C@H](O)CCC(C)C)[C@@H](CO)C(=O)O,12742,1,141,0.857427179813385,0.8757819533348083,1,2230,416959,CC(C)CC[C@@H](O)CN[C@@H](CO)C(=O)O,2758964,CC\C=C\C\C=C/C\C=C\CCCCl,,,,,
C=CCC[C@H](CO)N(CCCCCCCCCCCCCCCCCCCCCCCCCCCCCC)C[C@@H](O)C[C@]1(O)CCOC1,12507,1,56,0.8570173978805542,0.8570173978805542,1,2230,1191002,C=CCC[C@H](CO)NC[C@@H](O)C[C@]1(O)CCOC1,2753522,CCCCCCCCCCCCCCCCCCCCCCCCCCCCCCBr,,,,,
C=C[C@H](CO)N(CCC/C=C\C/C=C\CCCCC)C[C@@H](O)[C@H](C)O,12620,1,98,0.8566938042640686,0.8566938042640686,1,2230,1194288,C=C[C@H](CO)NC[C@@H](O)[C@H](C)O,2755268,CCCCC\C=C/C\C=C/CCCCl,,,,,
CCCCCCCCCCCCCCCCCCCCCCCCCCN(C[C@@H](O)CO)C[C@H](O)CCOC(C)C,12597,1,91,0.8565841317176819,0.8565841317176819,1,2230,1187645,CC(C)OCC[C@@H](O)CNC[C@@H](O)CO,2754232,CCCCCCCCCCCCCCCCCCCCCCCCCCBr,,,,,
CCCCCCCCCCCCCCCCCCN(CCCCCCCCCCCCCCCC)C(=O)[C@@](C)(O)CN(CCO)[C@H](C)CC,12599,1,92,0.856529712677002,0.856529712677002,1,22,2756725,CCCCCCCCCCCCCCCCCCNCCCCCCCCCCCCCCCC,417472,CC[C@@H](C)N(CCO)C[C@](C)(O)C(=O)O,,,,,
CCCCC/C=C\C/C=C\CCCCCCCN(CCC[C@H](C)O)C[C@@H](O)C[C@]1(O)CCOC1,12421,1,29,0.8564531207084656,0.8564531207084656,1,2230,1187939,C[C@H](O)CCCNC[C@@H](O)C[C@]1(O)CCOC1,2757990,CCCCC\C=C/C\C=C/CCCCCCCBr,,,,,
C=CCC[C@H](CO)N(CCCCCCCCCCCCCC/C=C/CCCCCCCC)C[C@H](O)C[C@@]1(O)CCOC1,12480,1,46,0.8561599254608154,0.8561599254608154,1,2230,1191039,C=CCC[C@H](CO)NC[C@H](O)C[C@@]1(O)CCOC1,2759414,CCCCCCCC\C=C\CCCCCCCCCCCCCCBr,,,,,
CCCCC/C=C\C/C=C\CCCN(C[C@H]1CCCC[C@@H]1O)C(CO)CO,12622,1,99,0.8551967740058899,0.8551967740058899,1,2230,1188142,OCC(CO)NC[C@H]1CCCC[C@@H]1O,2755268,CCCCC\C=C/C\C=C/CCCCl,,,,,
CCCCCCCCCCCCCCCCCCCCCCCCCCCCN(CC[C@@H](O)CC)C[C@H](O)C[C@@]1(O)CCOC1,12551,1,74,0.8549279570579529,0.8549279570579529,1,2230,1187618,CC[C@H](O)CCNC[C@H](O)C[C@@]1(O)CCOC1,2757153,CCCCCCCCCCCCCCCCCCCCCCCCCCCCBr,,,,,
CCCCCCCCC/C=C\CN(CC)C(CO)(CO)CO,12836,1,176,0.854901134967804,0.854901134967804,1,2230,1194580,CCNC(CO)(CO)CO,2755150,CCCCCCCCC\C=C/CCl,,,,,
C/C=C/CC/C=C\COC(=O)[C@H](N)CCP(=O)(O)O,12440,0,35,0.8548070788383484,0.0,1,1458,418951,N[C@H](CCP(=O)(O)O)C(=O)O,2759035,C\C=C\CC\C=C/CCl,,,,,
C=C[C@H](CO)N(CCC/C=C/C/C=C\CCCCC)C[C@H](O)CO,12860,1,184,0.8547164797782898,0.8547164797782898,1,2230,1194286,C=C[C@H](CO)NC[C@H](O)CO,2755270,CCCCC\C=C/C\C=C\CCCCl,,,,,
CCCCC/C=C\C/C=C\CCCCCCCCOC(=O)/C(C)=C/CN(CCO)C[C@H](C)O,12433,1,33,0.8546337485313416,0.8546337485313416,1,1458,417392,C/C(=C\CN(CCO)C[C@H](C)O)C(=O)O,2756921,CCCCC\C=C/C\C=C/CCCCCCCCI,,,,,
CCCCCCCCCCCCCCCCCCCCCCCCCCCN(CCCCO)C[C@H](O)C[C@@]1(O)CCOC1,12628,1,102,0.8542153835296631,0.8542153835296631,1,2230,1187540,OCCCCNC[C@H](O)C[C@@]1(O)CCOC1,2757850,CCCCCCCCCCCCCCCCCCCCCCCCCCCCl,,,,,
C/C=C\CCN(CCCCCCCCCCCC)C(F)(F)CCN(C[C@H](O)CO)C[C@@H](C)O,12715,1,133,0.8540317416191101,0.8851105570793152,1,2230,2759175,C\C=C/CCNCCCCCCCCCCCC,1187867,C[C@@H](O)CN(CCC(F)(F)F)C[C@H](O)CO,,,,,
CCCCCCCCCCCCCCCCCCCCCCN(C[C@@H](O)CC)[C@H](CO)[C@H](O)CCC,12790,1,156,0.8540055751800537,0.8540055751800537,1,2230,1188308,CCC[C@@H](O)[C@@H](CO)NC[C@@H](O)CC,2758186,CCCCCCCCCCCCCCCCCCCCCCBr,,,,,
CCCCCCCCCCCCCCCCCCCCCCCCCN([C@@H](CO)[C@@H](O)CCC)[C@H](C)[C@H](C)O,12637,1,105,0.8539160490036011,0.8539160490036011,1,2230,1188146,CCC[C@H](O)[C@H](CO)N[C@H](C)[C@H](C)O,2752509,CCCCCCCCCCCCCCCCCCCCCCCCCBr,,,,,
CCCCCCCC/C=C\CCCCCCCOC(=O)CCN(C[C@H](O)CO)C(C)C,12496,1,53,0.8538337349891663,0.8538337349891663,1,1458,417577,CC(C)N(CCC(=O)O)C[C@H](O)CO,2759893,CCCCCCCC\C=C/CCCCCCCBr,,,,,
CCCCC/C=C\C/C=C\CCN(C[C@@H](O)CCOC(C)C)C(CO)CO,12530,1,65,0.8525860905647278,0.8525860905647278,1,2230,1188279,CC(C)OCC[C@H](O)CNC(CO)CO,2757567,CCCCC\C=C/C\C=C/CCBr,,,,,
CC/C=C\CCCCCCCCN(CCC(C)(C)O)[C@@](C)(CO)C(=O)O,12847,1,179,0.8524472713470459,0.8749141693115234,1,2230,417453,CC(C)(O)CCN[C@@](C)(CO)C(=O)O,2755155,CC\C=C/CCCCCCCCCl,,,,,
CCCCCCCCC/C=C\CCN(C[C@H](O)CO)[C@@H](C)[C@H](C)O,12854,1,181,0.8522624373435974,0.8522624373435974,1,2230,1194404,C[C@H](O)[C@H](C)NC[C@H](O)CO,2753487,CCCCCCCCC\C=C/CCCl,,,,,
CCCCCCCC/C=C\CCCCCCCCOC(=O)[C@@](C)(CO)NCCC[C@@H](C)O,12514,0,59,0.8519548177719116,0.0,1,1458,417449,C[C@@H](O)CCCN[C@](C)(CO)C(=O)O,2755700,CCCCCCCC\C=C/CCCCCCCCI,,,,,
CCCCCCCCCCCCCCCCCCCCCCCCCCCCCCN(CCOCCOCCC(=O)O)CCOCCOCCC(=O)O,12546,1,73,0.8516929149627686,0.8715702295303345,1,2230,226328,O=C(O)CCOCCOCCNCCOCCOCCC(=O)O,2753523,CCCCCCCCCCCCCCCCCCCCCCCCCCCCCCCl,,,,,
CCCCC/C=C/C/C=C\CCCN(C[C@H](O)CO)C[C@@H](O)CSC,12856,1,182,0.8515251278877258,0.8515251278877258,1,2230,1194508,CSC[C@H](O)CNC[C@H](O)CO,2755272,CCCCC\C=C\C\C=C/CCCCl,,,,,
CC/C=C/CC/C=C\CN(CCCCCCCC/C=C\C=C/CCCCCC)C(=O)N(C[C@H](O)CO)C[C@@H](O)CCOCC,12722,1,134,0.8513619303703308,0.8513619303703308,2,2430,2754630,CCCCCC\C=C/C=C\CCCCCCCCN,1189499,CCOCC[C@H](O)CNC[C@H](O)CO,2230.0,-1.0,,2758301.0,CC\C=C\CC\C=C/CBr
CCCCCCCC/C=C\CCCCCCCN(CCCCCCCCCCCCCC/C=C/CCCCCCCC)C(=O)N(C[C@H](O)CCC(=O)OCC)[C@@H]1C[C@H](O)[C@H](O)C1,12709,1,130,0.8513376712799072,0.8513376712799072,2,2430,2759894,CCCCCCCC\C=C/CCCCCCCN,1193602,CCOC(=O)CC[C@@H](O)CN[C@H]1C[C@@H](O)[C@@H](O)C1,2230.0,-1.0,,2759414.0,CCCCCCCC\C=C\CCCCCCCCCCCCCCBr
CCCCCCCCCCCCCCCCCCCCCCN(C[C@H](C)O)[C@@H]1C[C@H](O)[C@H](O)C1,12868,1,188,0.8509202003479004,0.8509202003479004,1,2230,1194467,C[C@H](O)CN[C@H]1C[C@@H](O)[C@@H](O)C1,2758187,CCCCCCCCCCCCCCCCCCCCCCCl,,,,,
C=C/C=C\CC/C=C\CCN(C[C@H](O)CCOCC)C(CO)CO,12711,1,131,0.8508359789848328,0.8508359789848328,1,2230,1189530,CCOCC[C@@H](O)CNC(CO)CO,2758458,C=C\C=C/CC\C=C/CCCl,,,,,
CC/C=C/CC/C=C\CN(CCN(C[C@H](O)CC(C)(C)O)[C@H](C)C(=O)N(C)CC/C=C\CCCCCCCCCCCC)C(C)=O,12647,1,109,0.8502373099327087,0.8502373099327087,2,22,2758704,CCCCCCCCCCCC\C=C/CCNC,418839,CC(=O)NCCN(C[C@H](O)CC(C)(C)O)[C@H](C)C(=O)O,2230.0,-1.0,,2758301.0,CC\C=C\CC\C=C/CBr
CCCCCCCCCCCC/C=C\CCN(CCC(=O)O)C[C@@H](O)CC(C)(C)O,12572,1,83,0.8494645953178406,0.8748895525932312,1,2230,417121,CC(C)(O)C[C@H](O)CNCCC(=O)O,2758203,CCCCCCCCCCCC\C=C/CCBr,,,,,
CCCCCCCCCCCC/C(C)=C\CCN(C)C(=O)CSCCN(CC(=O)O)CC(=O)O,12606,1,94,0.849303126335144,0.8690617680549622,1,22,2753384,CCCCCCCCCCCC\C(C)=C/CCNC,226481,O=C(O)CSCCN(CC(=O)O)CC(=O)O,,,,,
CC/C=C/C/C=C\C/C=C\CCCOC(=O)CCN(CCOC)C[C@@H](O)[C@H](C)O,12540,1,70,0.8490773439407349,0.8490773439407349,1,1458,417655,COCCN(CCC(=O)O)C[C@@H](O)[C@H](C)O,2758962,CC\C=C\C\C=C/C\C=C/CCCCl,,,,,
CCCCCCCCCCCCCCCCCCCCCCCCN(C[C@@H](O)CCC(C)C)C[C@H](O)C(=O)O,12682,1,121,0.8487085103988647,0.8735939264297485,1,2230,417259,CC(C)CC[C@H](O)CNC[C@H](O)C(=O)O,2752988,CCCCCCCCCCCCCCCCCCCCCCCCBr,,,,,
CCCCCC/C=C\CCCCCCCCN(C(=O)C(=O)NCCCCCCCCCCCCCCCCCCCCCCCCCCCCCCCCCC)C(=O)N(C[C@@H](C)O)CC(C)(CO)CO,12782,0,152,0.8484594225883484,0.0,2,2430,2759418,CCCCCC\C=C/CCCCCCCCN,1194457,C[C@@H](O)CNCC(C)(CO)CO,271948.0,-1.0,,2756722.0,CCCCCCCCCCCCCCCCCCCCCCCCCCCCCCCCCCN
C=CCC[C@H](CO)N(CCCCCCCC/C=C/C/C=C/CCCCC)C[C@@H](O)C[C@@]1(O)CCOC1,12528,1,64,0.8483701944351196,0.8483701944351196,1,2230,1191022,C=CCC[C@H](CO)NC[C@@H](O)C[C@@]1(O)CCOC1,2756927,CCCCC\C=C\C\C=C\CCCCCCCCBr,,,,,
CCCCCCCC/C=C\CCCCCCCCN(C[C@@H](O)C[C@]1(O)CCOC1)[C@H](C)CCCO,12524,1,62,0.848213791847229,0.848213791847229,1,2230,1187632,C[C@H](CCCO)NC[C@@H](O)C[C@]1(O)CCOC1,2755699,CCCCCCCC\C=C/CCCCCCCCCl,,,,,
CCCCCCCC/C=C/CCCCCCCCOC(=O)CS(=O)(=O)CCN(CC)[C@@H](C)C(=O)O,12632,1,104,0.8481608629226685,0.8721247911453247,1,1458,226256,CCN(CCS(=O)(=O)CC(=O)O)[C@@H](C)C(=O)O,2755704,CCCCCCCC\C=C\CCCCCCCCBr,,,,,
CCCCCCCCCC/C=C\CCN(CCC(=O)O)C(=O)CN(CCO)CCO,12769,1,149,0.8481098413467407,0.8777827620506287,1,2230,417717,O=C(O)CCNC(=O)CN(CCO)CCO,2756380,CCCCCCCCCC\C=C/CCCl,,,,,
C/C=C\CCCCCCCCCN(C/C=C/CC/C=C/C)C(=O)CN(CC(=O)O)C[C@H](O)COCCCC,12901,1,199,0.8477903008460999,0.8477903008460999,2,22,2757378,C\C=C/CCCCCCCCCN,35,CCCCOC[C@@H](O)CN(CC(=O)O)CC(=O)O,2230.0,-1.0,,2759037.0,C\C=C\CC\C=C\CBr
C/C=C\C/C=C/CCCCCCN(C[C@H](O)CCOCC)CC(C)(CO)CO,12593,1,89,0.847723662853241,0.847723662853241,1,2230,1188317,CCOCC[C@@H](O)CNCC(C)(CO)CO,2756070,C\C=C/C\C=C\CCCCCCCl,,,,,
C=C/C=C\CC/C=C\CCOC(=O)CN(CCO)C[C@@H](C)O,12713,1,132,0.8475519418716431,0.8475519418716431,1,1458,419123,C[C@@H](O)CN(CCO)CC(=O)O,2758458,C=C\C=C/CC\C=C/CCCl,,,,,
CCCCCCCCCCCCCCCCCCCCCCCCCCNC(=O)[C@@](C)(O)CN(CCC)CCO,12761,1,146,0.8474880456924438,0.8761765360832214,1,22,2754233,CCCCCCCCCCCCCCCCCCCCCCCCCCN,417318,CCCN(CCO)C[C@](C)(O)C(=O)O,,,,,
CCCCCCCCCCCC/C=C\CCOC(=O)[C@@](C)(O)CN(CCO)[C@@H](C)CC,12626,1,101,0.8469640612602234,0.8469640612602234,1,1458,417611,CC[C@H](C)N(CCO)C[C@](C)(O)C(=O)O,2758204,CCCCCCCCCCCC\C=C/CCCl,,,,,
CC/C=C/C/C=C\C/C=C\CCCN(C[C@@H](O)[C@H](C)O)[C@@H]1CCC[C@H]1CCO,12538,1,69,0.8468217849731445,0.8468217849731445,1,2230,1187905,C[C@H](O)[C@H](O)CN[C@@H]1CCC[C@H]1CCO,2758962,CC\C=C\C\C=C/C\C=C/CCCCl,,,,,
CCCCCCC/C=C/CCCCCCCCCNC(F)CN(CCO)C[C@@H](O)[C@H](C)O,12891,1,196,0.8463086485862732,0.8762871026992798,1,2230,2757866,CCCCCCC\C=C\CCCCCCCCCN,1187923,C[C@H](O)[C@H](O)CN(CCO)CC(F)F,,,,,
CC/C=C\CC/C=C\OC(=O)CCCN(CCOC)CC(=O)OC/C=C/CC/C=C\CC,12700,1,127,0.8462081551551819,0.8462081551551819,2,1458,226006,COCCN(CCCC(=O)O)CC(=O)O,2759020,CC\C=C/CC\C=C/I,1458.0,-1.0,,2758299.0,CC\C=C/CC\C=C\CBr
C/C=C/CC/C=C\COC(=O)CCN(C[C@@H](C)O)[C@@H](C)CO,12407,1,23,0.8461714386940002,0.8461714386940002,1,1458,416945,C[C@@H](O)CN(CCC(=O)O)[C@@H](C)CO,2759034,C\C=C\CC\C=C/CBr,,,,,
C/C=C/C/C=C/CCCCCCN(C[C@@H](C)O)[C@H]1C[C@H](O)[C@H](O)C1,12774,1,150,0.8454468250274658,0.8454468250274658,1,2230,1194354,C[C@@H](O)CN[C@@H]1C[C@@H](O)[C@@H](O)C1,2756074,C\C=C\C\C=C\CCCCCCCl,,,,,
CC/C=C/C/C=C/C/C=C\CCCOC(=O)CCN(CCOC)[C@H](C)C(=O)O,12672,1,119,0.8453902006149292,0.8712292313575745,1,1458,226004,COCCN(CCC(=O)O)[C@H](C)C(=O)O,2758966,CC\C=C\C\C=C\C\C=C/CCCCl,,,,,
CCCCCCCCCCCCCCCCCCCCCCCCCCCCCCOC(=O)CCOCCOCCNCCOCCOCCC(=O)O,12547,0,73,0.8453108668327332,0.0,1,1458,226328,O=C(O)CCOCCOCCNCCOCCOCCC(=O)O,2753523,CCCCCCCCCCCCCCCCCCCCCCCCCCCCCCCl,,,,,
C=C[C@H](CO)N(C/C=C\C/C=C\CCCCC)C[C@H](O)[C@H](C)O,12568,1,81,0.8452799320220947,0.8452799320220947,1,2230,1194287,C=C[C@H](CO)NC[C@H](O)[C@H](C)O,2753846,CCCCC\C=C/C\C=C/CCl,,,,,
CCCCCCCC/C=C/CCCCCCCCN(C[C@H](O)C(=O)O)C[C@H](O)CCC(C)C,12729,1,136,0.8452262282371521,0.8754315376281738,1,2230,417079,CC(C)CC[C@@H](O)CNC[C@H](O)C(=O)O,2755705,CCCCCCCC\C=C\CCCCCCCCCl,,,,,
C/C=C/CC/C=C\COC(=O)CCCN(CCO)C[C@@H](C)O,12405,1,22,0.8451200723648071,0.8451200723648071,1,1458,417382,C[C@@H](O)CN(CCO)CCCC(=O)O,2759034,C\C=C\CC\C=C/CBr,,,,,
CCCCCCCCCCCCCCCCCCCCCCN(C[C@@H](O)COCC)[C@H](CO)[C@@H](O)CCC,12870,1,189,0.8450601696968079,0.8450601696968079,1,2230,1187579,CCC[C@H](O)[C@@H](CO)NC[C@@H](O)COCC,2758187,CCCCCCCCCCCCCCCCCCCCCCCl,,,,,
CCCCCCCCCCCC/C(C)=C\CCN(C)C(=O)CN(CCSCC(=O)O)CC(=O)O,12607,0,94,0.8442174196243286,0.0,1,22,2753384,CCCCCCCCCCCC\C(C)=C/CCNC,226481,O=C(O)CSCCN(CC(=O)O)CC(=O)O,,,,,
CC/C=C\C/C=C\CCCN(C[C@H](C)O)[C@H]1C[C@H](O)[C@H](O)C1,12687,1,122,0.8440051674842834,0.8440051674842834,1,2230,1194359,C[C@H](O)CN[C@@H]1C[C@@H](O)[C@@H](O)C1,2755394,CC\C=C/C\C=C/CCCBr,,,,,
C/C=C\CCCCCCCCCNC(=O)CN(CC(=O)OC/C=C/CC/C=C/C)C[C@H](O)COCCCC,12902,0,199,0.8437115550041199,0.0,2,22,2757378,C\C=C/CCCCCCCCCN,35,CCCCOC[C@@H](O)CN(CC(=O)O)CC(=O)O,1458.0,-1.0,,2759037.0,C\C=C\CC\C=C\CBr
CCCCCCCC/C=C\CCCCCCCN(CCN(C[C@H](O)CCC1(O)CCC1)[C@H](C)C(=O)O)C(C)=O,12502,1,55,0.8432623744010925,0.8721421957015991,1,2230,419469,CC(=O)NCCN(C[C@H](O)CCC1(O)CCC1)[C@H](C)C(=O)O,2759893,CCCCCCCC\C=C/CCCCCCCBr,,,,,
CCCCCCCCCCCCCCN(CCCCCCCCCCCCCC)C(=O)[C@](C)(CO)NCC[C@@H](O)C(C)C,12802,1,161,0.8431886434555054,0.8722048401832581,1,22,2757156,CCCCCCCCCCCCCCNCCCCCCCCCCCCCC,417402,CC(C)[C@H](O)CCN[C@@](C)(CO)C(=O)O,,,,,
CC/C=C\C=C/CCCCCCCCCN(C[C@H](O)C[C@@]1(O)CCOC1)[C@H](CC)CCO,12670,1,118,0.8429876565933228,0.8429876565933228,1,2230,1187641,CC[C@H](CCO)NC[C@H](O)C[C@@]1(O)CCOC1,2759870,CC\C=C/C=C\CCCCCCCCCCl,,,,,
CC/C=C/C/C=C/C/C=C\CCCOC(=O)[C@@H](C)N(CCOC)CCC(=O)O,12673,0,119,0.8427679538726807,0.0,1,1458,226004,COCCN(CCC(=O)O)[C@H](C)C(=O)O,2758966,CC\C=C\C\C=C\C\C=C/CCCCl,,,,,
CCCCC/C=C/C/C=C\CCN(C[C@@H](O)CCOCC)[C@H](CO)[C@@H](C)O,12740,1,140,0.8422579765319824,0.8422579765319824,1,2230,1187933,CCOCC[C@H](O)CN[C@H](CO)[C@@H](C)O,2757571,CCCCC\C=C\C\C=C/CCBr,,,,,
C/C=C\CC/C=C/COC(=O)CCN(CCOC)CCC(=O)O,12415,1,27,0.8419384956359863,0.8786820769309998,1,1458,226014,COCCN(CCC(=O)O)CCC(=O)O,2759030,C\C=C/CC\C=C\CBr,,,,,
C/C=C\CC/C=C\CN(CCSCCCO)C[C@@H](O)C[C@]1(O)CCOC1,12375,1,13,0.8417347073554993,0.8417347073554993,1,2230,1190911,OCCCSCCNC[C@@H](O)C[C@]1(O)CCOC1,2759028,C\C=C/CC\C=C/CCl,,,,,
CCCCCCCCCC/C=C\CCOC(=O)CCNC(=O)CN(CCO)CCO,12770,0,149,0.8416434526443481,0.0,1,1458,417717,O=C(O)CCNC(=O)CN(CCO)CCO,2756380,CCCCCCCCCC\C=C/CCCl,,,,,
CCCCCCCCCCCCCCCCCCCCCOC(=O)CCCCN1C[C@@H](O)C[C@H]1CO,12826,1,171,0.8415770530700684,0.8415770530700684,1,1458,416977,O=C(O)CCCCN1C[C@@H](O)C[C@H]1CO,2752944,CCCCCCCCCCCCCCCCCCCCCBr,,,,,
CCCCCCCC/C=C/CCCCCCCCOC(=O)[C@H](C)N(CC)CCS(=O)(=O)CC(=O)O,12633,0,104,0.8415400981903076,0.0,1,1458,226256,CCN(CCS(=O)(=O)CC(=O)O)[C@@H](C)C(=O)O,2755704,CCCCCCCC\C=C\CCCCCCCCBr,,,,,
CCCCCCCCCCCCCCCCCCCCCCCCOC(=O)[C@@H](O)CNC[C@@H](O)CCC(C)C,12683,0,121,0.8413143157958984,0.0,1,1458,417259,CC(C)CC[C@H](O)CNC[C@H](O)C(=O)O,2752988,CCCCCCCCCCCCCCCCCCCCCCCCBr,,,,,
C/C=C\CC/C=C\N(CCCC(=O)OCC/C=C\C/C=C\CCCCC)C[C@H](O)CC1(O)CCOCC1,12885,1,194,0.8409417271614075,0.8409417271614075,2,2230,418860,O=C(O)CCCNC[C@H](O)CC1(O)CCOCC1,2757396,C\C=C/CC\C=C/Cl,1458.0,-1.0,,2757567.0,CCCCC\C=C/C\C=C/CCBr
C/C=C\CC/C=C\COC(=O)/C(C)=C/CN(CCO)CCCO,12361,1,7,0.8407991528511047,0.8407991528511047,1,1458,417155,C/C(=C\CN(CCO)CCCO)C(=O)O,2759027,C\C=C/CC\C=C/CBr,,,,,
CC/C=C\C/C=C\CCCOC(=O)CCN(C)C[C@H](O)CO,12689,1,123,0.8406944274902344,0.8406944274902344,1,1458,418999,CN(CCC(=O)O)C[C@H](O)CO,2755394,CC\C=C/C\C=C/CCCBr,,,,,
CCCCCCCCCCCC/C=C/CCOC(=O)CN(C[C@H](O)CO)[C@H](C)CC,12824,1,170,0.8406481742858887,0.8406481742858887,1,1458,416908,CC[C@@H](C)N(CC(=O)O)C[C@H](O)CO,2758206,CCCCCCCCCCCC\C=C\CCBr,,,,,
CCCCCCCCC/C=C\CCN(C[C@@H](O)CCOCC)C[C@@H](O)CO,12767,1,148,0.8403009176254272,0.8403009176254272,1,2230,1189659,CCOCC[C@H](O)CNC[C@@H](O)CO,2753486,CCCCCCCCC\C=C/CCBr,,,,,
CC/C=C/CC/C=C\COC(=O)CCN(CC)C[C@@H](O)[C@H](C)O,12484,1,48,0.8397193551063538,0.8397193551063538,1,1458,417617,CCN(CCC(=O)O)C[C@@H](O)[C@H](C)O,2758301,CC\C=C\CC\C=C/CBr,,,,,
CCCCCCCCC/C=C\CCN(C[C@H](O)CSC)[C@@H]1C[C@H](O)[C@H](O)C1,12765,1,147,0.8396076560020447,0.8396076560020447,1,2230,1187986,CSC[C@@H](O)CN[C@H]1C[C@@H](O)[C@@H](O)C1,2753486,CCCCCCCCC\C=C/CCBr,,,,,
CCCCCCCCCCCC/C=C\CCN(C[C@H](C)CCCO)C[C@H](O)C[C@@]1(O)CCOC1,12570,1,82,0.8393257856369019,0.8393257856369019,1,2230,1191488,C[C@H](CCCO)CNC[C@H](O)C[C@@]1(O)CCOC1,2758203,CCCCCCCCCCCC\C=C/CCBr,,,,,
C/C=C/C/C=C\CCCCCCOC(=O)CCN(CC)C[C@H](O)C(C)(C)O,12544,1,72,0.839184582233429,0.839184582233429,1,1458,417058,CCN(CCC(=O)O)C[C@H](O)C(C)(C)O,2756072,C\C=C\C\C=C/CCCCCCCl,,,,,
C/C=C/C/C=C\CCCCCCN(C[C@H](O)C[C@]1(O)CCOC1)[C@@H](C)C[C@H](C)O,12542,1,71,0.8387143015861511,0.8387143015861511,1,2230,1188138,C[C@H](O)C[C@H](C)NC[C@H](O)C[C@]1(O)CCOC1,2756072,C\C=C\C\C=C/CCCCCCCl,,,,,
C/C=C\CCCCCCCCN(C[C@H](O)CO)C[C@H](O)CCOCC,12796,1,158,0.8380045294761658,0.8380045294761658,1,2230,1189779,CCOCC[C@@H](O)CNC[C@H](O)CO,2759526,C\C=C/CCCCCCCCCl,,,,,
CCCCCCCCCCCCCCN(CCCCCCCCCCCCCC)C(=O)[C@@H](COC(C)C)N(C)C[C@H](O)[C@@H](C)O,12798,1,159,0.8379256129264832,0.8379256129264832,1,22,2757156,CCCCCCCCCCCCCCNCCCCCCCCCCCCCC,417417,CC(C)OC[C@H](C(=O)O)N(C)C[C@H](O)[C@@H](C)O,,,,,
CCCCCCCC/C=C\CCCCN(C[C@H](O)C[C@@]1(O)CCOC1)[C@H](C)CCO,12641,1,107,0.837772786617279,0.837772786617279,1,2230,1187607,C[C@H](CCO)NC[C@H](O)C[C@@]1(O)CCOC1,2757471,CCCCCCCC\C=C/CCCCBr,,,,,
CCCCCCCCCCCC/C=C\CCOC(=O)CCNC[C@@H](O)CC(C)(C)O,12573,0,83,0.8374527096748352,0.0,1,1458,417121,CC(C)(O)C[C@H](O)CNCCC(=O)O,2758203,CCCCCCCCCCCC\C=C/CCBr,,,,,
CCCCCCCCCC/C=C\CCN(CCN(CCO)C(=O)CC1(O)CCC1)C[C@@H](C)O,12693,1,125,0.8372682929039001,0.8372682929039001,1,2230,1191414,C[C@@H](O)CNCCN(CCO)C(=O)CC1(O)CCC1,2756379,CCCCCCCCCC\C=C/CCBr,,,,,
C=C[C@H](CO)N(C[C@H](O)[C@@H](C)O)C(=O)NCCCCCCCCCCCCCCCCCCCCCCCCCCCCCC,12615,1,97,0.837200403213501,0.8680810332298279,1,2430,2753525,CCCCCCCCCCCCCCCCCCCCCCCCCCCCCCN,1194278,C=C[C@H](CO)NC[C@H](O)[C@@H](C)O,,,,,
CC/C=C\CC/C=C\CN(CC[C@H](C)CCO)C[C@@H](O)C[C@]1(O)CCOC1,12398,1,20,0.8367317318916321,0.8367317318916321,1,2230,1190856,C[C@H](CCO)CCNC[C@@H](O)C[C@]1(O)CCOC1,2758297,CC\C=C/CC\C=C/CBr,,,,,
C/C=C\C/C=C\CCCOC(=O)CCN(CCOC)C[C@H](O)CO,12577,1,84,0.8366618752479553,0.8366618752479553,1,1458,417820,COCCN(CCC(=O)O)C[C@H](O)CO,2754303,C\C=C/C\C=C/CCCBr,,,,,
CC/C=C/C/C=C\C/C=C/CCCOC(=O)[C@H](CO)NC[C@H](O)CCC(C)C,12743,0,141,0.8366082906723022,0.0,1,1458,416959,CC(C)CC[C@@H](O)CN[C@@H](CO)C(=O)O,2758964,CC\C=C\C\C=C/C\C=C\CCCCl,,,,,
CCCCCCCCCCCCCCCCCCCCCN(C[C@H](C)CCO)C[C@H](O)C[C@@]1(O)CCOC1,12828,1,172,0.8361342549324036,0.8361342549324036,1,2230,1187622,C[C@H](CCO)CNC[C@H](O)C[C@@]1(O)CCOC1,2752944,CCCCCCCCCCCCCCCCCCCCCBr,,,,,
C/C=C\C/C=C/CCCCCCN(CCC(C)(C)O)C[C@@H](O)C[C@@]1(O)CCOC1,12591,1,88,0.8360608220100403,0.8360608220100403,1,2230,1188235,CC(C)(O)CCNC[C@@H](O)C[C@@]1(O)CCOC1,2756070,C\C=C/C\C=C\CCCCCCCl,,,,,
CCCCCCCCCCCC/C=C/CCN(C[C@@H](O)CCC(=O)OCC)C[C@@H](O)CO,12822,1,169,0.8356005549430847,0.8356005549430847,1,2230,1189615,CCOC(=O)CC[C@H](O)CNC[C@@H](O)CO,2758206,CCCCCCCCCCCC\C=C\CCBr,,,,,
CCCCCCCC/C=C/CCCCCCCCOC(=O)[C@@H](O)CNC[C@H](O)CCC(C)C,12730,0,136,0.835250735282898,0.0,1,1458,417079,CC(C)CC[C@@H](O)CNC[C@H](O)C(=O)O,2755705,CCCCCCCC\C=C\CCCCCCCCCl,,,,,
CCCCCCCCCCCC/C=C\CCOC(=O)/C(C)=C\CN(C)CC(C)(CO)CO,12624,1,100,0.8348820805549622,0.8348820805549622,1,1458,417369,C/C(=C/CN(C)CC(C)(CO)CO)C(=O)O,2758204,CCCCCCCCCCCC\C=C/CCCl,,,,,
C/C=C/C/C=C/CCCCCCOC(=O)[C@@](C)(O)CN(CC)CCCO,12776,1,151,0.8348489999771118,0.8348489999771118,1,1458,417229,CCN(CCCO)C[C@](C)(O)C(=O)O,2756074,C\C=C\C\C=C\CCCCCCCl,,,,,
CCCCC/C=C\C/C=C\CCOC(=O)CCN(CCOC)C[C@@H](O)CC(C)(C)O,12532,1,66,0.8341774940490723,0.8341774940490723,1,1458,418858,COCCN(CCC(=O)O)C[C@@H](O)CC(C)(C)O,2757567,CCCCC\C=C/C\C=C/CCBr,,,,,
CCCCC/C=C\C/C=C/CCCN(C[C@H](O)CCC(=O)OCC)[C@H](CO)[C@@H](C)O,12864,1,186,0.83404541015625,0.83404541015625,1,2230,1187518,CCOC(=O)CC[C@@H](O)CN[C@H](CO)[C@@H](C)O,2755270,CCCCC\C=C/C\C=C\CCCCl,,,,,
CCCCCCCC/C=C\CCCCCCCOC(=O)[C@@H](C)N(CCNC(C)=O)C[C@H](O)CCC1(O)CCC1,12503,0,55,0.8335396647453308,0.0,1,1458,419469,CC(=O)NCCN(C[C@H](O)CCC1(O)CCC1)[C@H](C)C(=O)O,2759893,CCCCCCCC\C=C/CCCCCCCBr,,,,,
CCCCCCCCCCCC/C=C\CCN(CC)C(=O)CCN(C[C@H](O)[C@H](C)O)C[C@H]1CCCO1,12754,1,144,0.8330578804016113,0.8330578804016113,1,22,2754030,CCCCCCCCCCCC\C=C/CCNCC,418338,C[C@H](O)[C@@H](O)CN(CCC(=O)O)C[C@H]1CCCO1,,,,,
CC/C=C\CC/C=C/COC(=O)[C@@](C)(O)CN(C)CCCCCO,12476,1,44,0.8330041766166687,0.8330041766166687,1,1458,416909,CN(CCCCCO)C[C@](C)(O)C(=O)O,2758299,CC\C=C/CC\C=C\CBr,,,,,
C/C=C\C/C=C\CCN(C[C@@H](O)[C@H](C)O)[C@H]1CCC[C@H]1CCO,12581,1,86,0.8329166769981384,0.8329166769981384,1,2230,1187948,C[C@H](O)[C@H](O)CN[C@H]1CCC[C@H]1CCO,2758739,C\C=C/C\C=C/CCCl,,,,,
C/C=C\CCCCCCCCN(C[C@H](O)CCC(=O)OCC)C(CO)CO,12800,1,160,0.8327119946479797,0.8327119946479797,1,2230,1189732,CCOC(=O)CC[C@@H](O)CNC(CO)CO,2759526,C\C=C/CCCCCCCCCl,,,,,
CCCCCCCCCCCC/C(C)=C/CCN(C)C(=O)CN(CCC)C[C@H](O)C(C)(C)O,12862,1,185,0.832656979560852,0.832656979560852,1,22,2753385,CCCCCCCCCCCC\C(C)=C\CCNC,417127,CCCN(CC(=O)O)C[C@H](O)C(C)(C)O,,,,,
CCCCC/C=C\C/C=C\CN(CC[C@H](C)O)C[C@@H](O)C[C@@]1(O)CCOC1,12562,1,78,0.8319529294967651,0.8319529294967651,1,2230,1188122,C[C@H](O)CCNC[C@@H](O)C[C@@]1(O)CCOC1,2753846,CCCCC\C=C/C\C=C/CCl,,,,,
C=C[C@H](CO)N(C[C@@H](O)[C@@H](C)O)C(=O)NCCCCCCCCCCCCCCCCCCCCCCCCCCCC,12677,1,120,0.8315543532371521,0.8648980259895325,1,2430,2757154,CCCCCCCCCCCCCCCCCCCCCCCCCCCCN,1194289,C=C[C@H](CO)NC[C@@H](O)[C@@H](C)O,,,,,
C/C=C/CC/C=C/CN(C[C@H]1CCCC[C@H]1O)C(CO)CO,12611,1,95,0.8312573432922363,0.8312573432922363,1,2230,1187617,OCC(CO)NC[C@H]1CCCC[C@H]1O,2759038,C\C=C\CC\C=C\CCl,,,,,
CCCCCCCCCC/C=C\CN(C/C=C(\C)C(=O)O)C(CO)CO,12756,1,145,0.8310002684593201,0.8687397837638855,1,2230,419041,C/C(=C\CNC(CO)CO)C(=O)O,2757956,CCCCCCCCCC\C=C/CCl,,,,,
CCCCCCCCCC/C=C\CCN(C)C(=O)CCCN1C[C@@H](CO)[C@@H](CCO)C1,12786,1,154,0.8308503031730652,0.8308503031730652,1,22,2756696,CCCCCCCCCC\C=C/CCNC,416972,O=C(O)CCCN1C[C@@H](CO)[C@@H](CCO)C1,,,,,
CCCCCC/C=C\CCCCCCCCCCNC(=O)CN(CCOC)C[C@@H](O)C[C@](C)(O)C1CC1,12660,1,114,0.830432653427124,0.8713021874427795,1,22,2756808,CCCCCC\C=C/CCCCCCCCCCN,418413,COCCN(CC(=O)O)C[C@@H](O)C[C@](C)(O)C1CC1,,,,,
CCCCCCCCCCCC/C=C\CCN(CC)C(=O)CCN(CCOC)C[C@@H](O)C1(O)CCC1,12752,1,143,0.8303255438804626,0.8303255438804626,1,22,2754030,CCCCCCCCCCCC\C=C/CCNCC,418849,COCCN(CCC(=O)O)C[C@@H](O)C1(O)CCC1,,,,,
C/C=C\CC/C=C/CN(CC[C@H](C)CCO)C[C@@H](O)C[C@@]1(O)CCOC1,12413,1,26,0.8298532962799072,0.8298532962799072,1,2230,1190757,C[C@H](CCO)CCNC[C@@H](O)C[C@@]1(O)CCOC1,2759030,C\C=C/CC\C=C\CBr,,,,,
CCCCCCCCCCCC/C=C/CCN(C[C@@H](O)C[C@]1(O)CCOC1)[C@@H](CCO)C(C)C,12897,1,198,0.8295645117759705,0.8295645117759705,1,2230,1190945,CC(C)[C@H](CCO)NC[C@@H](O)C[C@]1(O)CCOC1,2758207,CCCCCCCCCCCC\C=C\CCCl,,,,,
CCCCCCCCCCCC/C(C)=C/CCN(C)C(=O)[C@@](C)(O)CN(CC)CCOCCO,12866,1,187,0.8291075825691223,0.8291075825691223,1,22,2753385,CCCCCCCCCCCC\C(C)=C\CCNC,417238,CCN(CCOCCO)C[C@](C)(O)C(=O)O,,,,,
CCCCCCCCCC/C=C\CCOC(=O)CN(CCOC)C[C@H](O)CC(C)(C)O,12691,1,124,0.8290775418281555,0.8290775418281555,1,1458,417582,COCCN(CC(=O)O)C[C@H](O)CC(C)(C)O,2756379,CCCCCCCCCC\C=C/CCBr,,,,,
C=CC[C@H](CO)CN(CCCC/C=C\CCCCCCCC)C[C@H](O)C[C@]1(O)CCOC1,12649,1,110,0.8287671804428101,0.8287671804428101,1,2230,1191021,C=CC[C@H](CO)CNC[C@H](O)C[C@]1(O)CCOC1,2757471,CCCCCCCC\C=C/CCCCBr,,,,,
CCCCCC/C=C\CCCCCCCCNC(=O)N(C[C@@H](C)O)CC(C)(CO)CO,12778,1,152,0.8285275101661682,0.8597341179847717,1,2430,2759418,CCCCCC\C=C/CCCCCCCCN,1194457,C[C@@H](O)CNCC(C)(CO)CO,,,,,
C=CCC[C@H](CO)N(C/C=C/CC/C=C\CC)C[C@H](O)C[C@]1(O)CCOC1,12474,1,43,0.8281782269477844,0.8281782269477844,1,2230,1191035,C=CCC[C@H](CO)NC[C@H](O)C[C@]1(O)CCOC1,2758299,CC\C=C/CC\C=C\CBr,,,,,
CCCCCCCCCCCC/C=C/CCN(CCC(C)(C)CO)C[C@H](O)C[C@]1(O)CCOC1,12895,1,197,0.8279847502708435,0.8279847502708435,1,2230,1190763,CC(C)(CO)CCNC[C@H](O)C[C@]1(O)CCOC1,2758207,CCCCCCCCCCCC\C=C\CCCl,,,,,
CCCCCCCCC/C(C)=C\CCN(C)C(=O)/C(C)=C\CNC(CO)CO,12812,1,165,0.8279783725738525,0.8691644072532654,1,22,2756519,CCCCCCCCC\C(C)=C/CCNC,419066,C/C(=C/CNC(CO)CO)C(=O)O,,,,,
CCCCCCCC/C=C/CCCCCCCCNC(=O)/C=C(/C)CN1CC[C@H](O)[C@@H](CO)C1,12887,1,195,0.8276727199554443,0.8615655303001404,1,22,2755706,CCCCCCCC\C=C\CCCCCCCCN,417469,C/C(=C/C(=O)O)CN1CC[C@H](O)[C@@H](CO)C1,,,,,
CCCCCCCCC/C=C\CCOC(=O)CCCCN1CC[C@H](CO)[C@@H](O)C1,12852,1,180,0.827541708946228,0.827541708946228,1,1458,417262,O=C(O)CCCCN1CC[C@H](CO)[C@@H](O)C1,2753487,CCCCCCCCC\C=C/CCCl,,,,,
CCCCCCCC/C=C\CCN(C[C@@H](O)CO)C[C@H](O)CCC(=O)OCC,12872,1,190,0.827404797077179,0.827404797077179,1,2230,1189610,CCOC(=O)CC[C@@H](O)CNC[C@@H](O)CO,2758803,CCCCCCCC\C=C/CCBr,,,,,
C/C=C\C/C=C\CN(C[C@H](O)[C@H](C)O)[C@@H](CCO)C1CC1,12664,1,115,0.8271040320396423,0.8271040320396423,1,2230,1187922,C[C@H](O)[C@@H](O)CN[C@@H](CCO)C1CC1,2753912,C\C=C/C\C=C/CBr,,,,,
CC/C=C\CCCCCCCCOC(=O)[C@](C)(CO)NCCC(C)(C)O,12848,0,179,0.8269285559654236,0.0,1,1458,417453,CC(C)(O)CCN[C@@](C)(CO)C(=O)O,2755155,CC\C=C/CCCCCCCCCl,,,,,
CCCCCCCCCCCCCCCCCCCCCCCCNC(=O)N(C[C@H](O)CSC)C(CO)CO,12842,1,178,0.8268553018569946,0.8617640137672424,1,2430,2752989,CCCCCCCCCCCCCCCCCCCCCCCCN,1194423,CSC[C@@H](O)CNC(CO)CO,,,,,
CC/C=C/CC/C=C\CN(C[C@H](O)C[C@]1(O)CCOC1)[C@H](C)CCCO,12482,1,47,0.8267822265625,0.8267822265625,1,2230,1188101,C[C@H](CCCO)NC[C@H](O)C[C@]1(O)CCOC1,2758301,CC\C=C\CC\C=C/CBr,,,,,
C/C=C/CC/C=C/CN(C[C@@H](O)[C@H](C)O)[C@H](CCO)C1CC1,12560,1,77,0.8262609243392944,0.8262609243392944,1,2230,1188179,C[C@H](O)[C@H](O)CN[C@H](CCO)C1CC1,2759037,C\C=C\CC\C=C\CBr,,,,,
CCCCCCCC/C=C\CCOC(=O)[C@H](C)N(CC)C[C@H](O)[C@H](C)O,12880,1,193,0.8257125020027161,0.8257125020027161,1,1458,417385,CCN(C[C@H](O)[C@H](C)O)[C@@H](C)C(=O)O,2758803,CCCCCCCC\C=C/CCBr,,,,,
CCCCCC/C=C\C=C/CCCCCCCCNC(=O)N(C[C@H](O)CO)C[C@@H](O)CCOCC,12719,1,134,0.8248306512832642,0.8513619303703308,1,2430,2754630,CCCCCC\C=C/C=C\CCCCCCCCN,1189499,CCOCC[C@H](O)CNC[C@H](O)CO,,,,,
CCCCC/C=C\C/C=C/CN(C[C@@H](O)CCC(=O)OCC)C(CO)CO,12734,1,137,0.824257493019104,0.824257493019104,1,2230,1189435,CCOC(=O)CC[C@H](O)CNC(CO)CO,2753848,CCCCC\C=C/C\C=C\CCl,,,,,
CCCCC/C=C/C/C=C\CCCN(C[C@@H](CO)C(C)C)C[C@H](O)C[C@]1(O)CCOC1,12858,1,183,0.8241834044456482,0.8241834044456482,1,2230,1193642,CC(C)[C@H](CO)CNC[C@H](O)C[C@]1(O)CCOC1,2755272,CCCCC\C=C\C\C=C/CCCCl,,,,,
CCCCC/C=C/C/C=C\CN(C[C@H](O)COCC)[C@H](CO)[C@@H](O)CCC,12820,1,168,0.8241138458251953,0.8241138458251953,1,2230,1187511,CCC[C@H](O)[C@@H](CO)NC[C@H](O)COCC,2753850,CCCCC\C=C\C\C=C/CCl,,,,,
CCCCCCCCCCCC/C=C\CCN(C)C(=O)CN(CCC(=O)OC)C[C@H](O)C[C@](C)(O)C1CC1,12643,1,108,0.8236031532287598,0.8236031532287598,1,22,2758704,CCCCCCCCCCCC\C=C/CCNC,419446,COC(=O)CCN(CC(=O)O)C[C@H](O)C[C@](C)(O)C1CC1,,,,,
CC/C=C\C=C/CCCCCCCCCOC(=O)CN(CCC(=O)OC)C[C@H](O)C[C@@](C)(O)C1CC1,12668,1,117,0.8234924674034119,0.8234924674034119,1,1458,418253,COC(=O)CCN(CC(=O)O)C[C@H](O)C[C@@](C)(O)C1CC1,2759870,CC\C=C/C=C\CCCCCCCCCCl,,,,,
CCCCC/C=C\C/C=C/CCN(CCN(C[C@H](O)CC1(O)CCCC1)[C@H](C)C(=O)O)C(C)=O,12747,1,142,0.8231807947158813,0.8593778610229492,1,2230,418299,CC(=O)NCCN(C[C@H](O)CC1(O)CCCC1)[C@H](C)C(=O)O,2757569,CCCCC\C=C/C\C=C\CCBr,,,,,
CCCCCCCCC/C=C\COC(=O)CN(CCOC)C[C@H](O)[C@H](C)O,12834,1,175,0.8226117491722107,0.8226117491722107,1,1458,417856,COCCN(CC(=O)O)C[C@H](O)[C@H](C)O,2755150,CCCCCCCCC\C=C/CCl,,,,,
CCCCC/C=C/C/C=C\CCN(C[C@@H](O)[C@@H](C)CC)C[C@H](O)C[C@]1(O)CCOC1,12738,1,139,0.8223009705543518,0.8223009705543518,1,2230,1190767,CC[C@H](C)[C@H](O)CNC[C@H](O)C[C@]1(O)CCOC1,2757571,CCCCC\C=C\C\C=C/CCBr,,,,,
C=C[C@H](CO)N(C[C@H](O)[C@@H](C)O)C(=O)C(=O)NCCCCCCCCCCCCCCCCCCCCCCCCCCCCCC,12616,0,97,0.8219232559204102,0.0,1,271948,1194278,C=C[C@H](CO)NC[C@H](O)[C@@H](C)O,2753525,CCCCCCCCCCCCCCCCCCCCCCCCCCCCCCN,,,,,
CCCCCCCCCC/C=C\COC(=O)/C(C)=C/CNC(CO)CO,12757,0,145,0.8202285766601562,0.0,1,1458,419041,C/C(=C\CNC(CO)CO)C(=O)O,2757956,CCCCCCCCCC\C=C/CCl,,,,,
CCCCCCCCCCCC/C=C\CCN(C)C(=O)[C@@H](C)N(CCNC(C)=O)C[C@H](O)CC(C)(C)O,12645,1,109,0.8196228742599487,0.8502373099327087,1,22,2758704,CCCCCCCCCCCC\C=C/CCNC,418839,CC(=O)NCCN(C[C@H](O)CC(C)(C)O)[C@H](C)C(=O)O,,,,,
CC/C=C\C/C=C\CN(C[C@H](O)CO)[C@H]1CCC[C@H]1CCO,12806,1,162,0.819259524345398,0.819259524345398,1,2230,1188243,OCC[C@@H]1CCC[C@@H]1NC[C@H](O)CO,2759737,CC\C=C/C\C=C/CBr,,,,,
CCCCC/C=C/C/C=C\COC(=O)CCCCN1CC[C@@H](CO)[C@H](O)C1,12818,1,167,0.8181052803993225,0.8181052803993225,1,1458,417535,O=C(O)CCCCN1CC[C@@H](CO)[C@H](O)C1,2753850,CCCCC\C=C\C\C=C/CCl,,,,,
C/C=C\CCN(CCCCCCCCCC)C(=O)CN(CCOC)C[C@@H](O)CC(C)(C)O,12874,1,191,0.8173661231994629,0.8173661231994629,1,22,2758245,C\C=C/CCNCCCCCCCCCC,417531,COCCN(CC(=O)O)C[C@@H](O)CC(C)(C)O,,,,,
C/C=C\C/C=C\CCCOC(=O)CN(CCOC)C[C@H](O)C[C@](C)(O)C1CC1,12579,1,85,0.817206621170044,0.817206621170044,1,1458,418414,COCCN(CC(=O)O)C[C@H](O)C[C@](C)(O)C1CC1,2754303,C\C=C/C\C=C/CCCBr,,,,,
CCCCCCCCC/C=C\CCN(C)C(=O)CN(CC(=O)O)C[C@@H](O)COCCCC,12838,1,177,0.8171352744102478,0.8642936944961548,1,22,2757583,CCCCCCCCC\C=C/CCNC,34,CCCCOC[C@H](O)CN(CC(=O)O)CC(=O)O,,,,,
CC/C=C\C/C=C\CCOC(=O)CCN(C[C@@H]1CCCO1)C[C@@H](O)[C@H](C)O,12658,1,113,0.8170098662376404,0.8170098662376404,1,1458,418366,C[C@H](O)[C@H](O)CN(CCC(=O)O)C[C@@H]1CCCO1,2756190,CC\C=C/C\C=C/CCBr,,,,,
CCCCCCCCCCCC/C=C\CCNC(=O)CN(CCC(=O)OC)C[C@@H](O)C[C@@](C)(O)C1CC1,12792,1,157,0.8168355822563171,0.8594172596931458,1,22,2758205,CCCCCCCCCCCC\C=C/CCN,418298,COC(=O)CCN(CC(=O)O)C[C@@H](O)C[C@@](C)(O)C1CC1,,,,,
CCCCCCCCCC/C=C\CCN(C)C(=O)CN(CCC(=O)OC)C[C@H](O)CC(C)(C)O,12788,1,155,0.8162818551063538,0.8162818551063538,1,22,2756696,CCCCCCCCCC\C=C/CCNC,418249,COC(=O)CCN(CC(=O)O)C[C@H](O)CC(C)(C)O,,,,,
CC/C=C\C/C=C\CCN(C[C@@H](C)C[C@H](C)O)C[C@@H](O)C[C@@]1(O)CCOC1,12656,1,112,0.8160418272018433,0.8160418272018433,1,2230,1191408,C[C@H](CNC[C@@H](O)C[C@@]1(O)CCOC1)C[C@H](C)O,2756190,CC\C=C/C\C=C/CCBr,,,,,
C/C=C/CC/C=C/CN(C[C@H](O)C[C@]1(O)CCOC1)[C@H](C)CCO,12613,1,96,0.8159133791923523,0.8159133791923523,1,2230,1187708,C[C@H](CCO)NC[C@H](O)C[C@]1(O)CCOC1,2759038,C\C=C\CC\C=C\CCl,,,,,
C/C=C\C/C=C\CCN[C@](C)(C(=O)O)C12[C@H]3[C@H]4[C@@H]1[C@H]1[C@@H]2[C@@H]3C41C(=O)O,12583,1,87,0.8158249258995056,0.8795861601829529,1,2230,225972,C[C@@](N)(C(=O)O)C12[C@H]3[C@H]4[C@@H]1[C@H]1[C@@H]2[C@@H]3C41C(=O)O,2758739,C\C=C/C\C=C/CCCl,,,,,
C/C=C/CC/C=C/CN(CCC(C)(C)O)C[C@H](O)C[C@]1(O)CCOC1,12558,1,76,0.8156341314315796,0.8156341314315796,1,2230,1187553,CC(C)(O)CCNC[C@H](O)C[C@]1(O)CCOC1,2759037,C\C=C\CC\C=C\CBr,,,,,
C/C=C/C/C=C\CCCN(C[C@@H](O)CCC)C[C@H](O)C[C@]1(O)CCOC1,12810,1,164,0.8151826858520508,0.8151826858520508,1,2230,1187640,CCC[C@H](O)CNC[C@H](O)C[C@]1(O)CCOC1,2754307,C\C=C\C\C=C/CCCBr,,,,,
C=C[C@H](CO)N(C[C@@H](O)[C@@H](C)O)C(=O)C(=O)NCCCCCCCCCCCCCCCCCCCCCCCCCCCC,12678,0,120,0.8148842453956604,0.0,1,271948,1194289,C=C[C@H](CO)NC[C@@H](O)[C@@H](C)O,2757154,CCCCCCCCCCCCCCCCCCCCCCCCCCCCN,,,,,
CC/C=C\C/C=C\CN(C[C@@H](O)COCC)[C@@H](CO)[C@@H](O)CCC,12808,1,163,0.8137476444244385,0.8137476444244385,1,2230,1187736,CCC[C@H](O)[C@H](CO)NC[C@@H](O)COCC,2759737,CC\C=C/C\C=C/CBr,,,,,
C=CC[C@H](CO)CN(C/C=C/C/C=C\CCCCC)C[C@@H](O)C[C@@]1(O)CCOC1,12736,1,138,0.8128461241722107,0.8128461241722107,1,2230,1190978,C=CC[C@H](CO)CNC[C@@H](O)C[C@@]1(O)CCOC1,2753848,CCCCC\C=C/C\C=C\CCl,,,,,
C/C=C\C/C=C\CCOC(=O)C12[C@H]3[C@H]4[C@@H]1[C@H]1[C@@H]2[C@@H]3C41[C@](C)(N)C(=O)O,12585,0,87,0.8121756911277771,0.0,1,1458,225972,C[C@@](N)(C(=O)O)C12[C@H]3[C@H]4[C@@H]1[C@H]1[C@@H]2[C@@H]3C41C(=O)O,2758739,C\C=C/C\C=C/CCCl,,,,,
CCCCCCCCCCCCCCCCCCCCCCCCNC(=O)C(=O)N(C[C@H](O)CSC)C(CO)CO,12843,0,178,0.8116072416305542,0.0,1,271948,1194423,CSC[C@@H](O)CNC(CO)CO,2752989,CCCCCCCCCCCCCCCCCCCCCCCCN,,,,,
CC/C=C\C/C=C\CN(C[C@H](O)CO)[C@@H]1CCC[C@@H]1CCO,12832,1,174,0.8115907907485962,0.8115907907485962,1,2230,1187575,OCC[C@H]1CCC[C@H]1NC[C@H](O)CO,2759738,CC\C=C/C\C=C/CCl,,,,,
CCCCCCCC/C=C\CCCCCCCCNC(=O)N(C[C@H](O)C[C@@]1(O)CCOC1)C[C@H](CC)CCO,12651,1,111,0.8114799857139587,0.8640256524085999,1,2430,2755701,CCCCCCCC\C=C/CCCCCCCCN,1193664,CC[C@H](CCO)CNC[C@H](O)C[C@@]1(O)CCOC1,,,,,
C/C=C/C/C=C\CCCOC(=O)CN(CCOC)C[C@H](O)CC1(O)CCC1,12816,1,166,0.8107985854148865,0.8107985854148865,1,1458,418369,COCCN(CC(=O)O)C[C@H](O)CC1(O)CCC1,2754307,C\C=C\C\C=C/CCCBr,,,,,
C/C=C\CCCCCCCCCNC(=O)CN(CC(=O)O)C[C@H](O)COCCCC,12899,1,199,0.810678243637085,0.8477903008460999,1,22,2757378,C\C=C/CCCCCCCCCN,35,CCCCOC[C@@H](O)CN(CC(=O)O)CC(=O)O,,,,,
C/C=C/C/C=C\CCN(C[C@H]1CC[C@@H](O)C1)C[C@H](O)C[C@]1(O)CCOC1,12904,1,200,0.8106551170349121,0.8106551170349121,1,2230,1191445,O[C@@H]1CC[C@H](CNC[C@H](O)C[C@]2(O)CCOC2)C1,2758743,C\C=C\C\C=C/CCCl,,,,,
CCCCC/C=C\C/C=C/CCOC(=O)[C@@H](C)N(CCNC(C)=O)C[C@H](O)CC1(O)CCCC1,12748,0,142,0.8100284337997437,0.0,1,1458,418299,CC(=O)NCCN(C[C@H](O)CC1(O)CCCC1)[C@H](C)C(=O)O,2757569,CCCCC\C=C/C\C=C\CCBr,,,,,
C/C=C\C/C=C\CN(CCCCO)C[C@@H](O)C[C@@]1(O)CCOC1,12666,1,116,0.8090797662734985,0.8090797662734985,1,2230,1187679,OCCCCNC[C@@H](O)C[C@@]1(O)CCOC1,2753912,C\C=C/C\C=C/CBr,,,,,
C/C=C\C/C=C\CCOC(=O)[C@@](C)(N)C12[C@H]3[C@H]4[C@@H]1[C@H]1[C@@H]2[C@@H]3C41C(=O)O,12584,0,87,0.8066649436950684,0.0,1,1458,225972,C[C@@](N)(C(=O)O)C12[C@H]3[C@H]4[C@@H]1[C@H]1[C@@H]2[C@@H]3C41C(=O)O,2758739,C\C=C/C\C=C/CCCl,,,,,
CC/C=C\CC/C=C\OC(=O)CCCN(CCOC)CC(=O)O,12697,1,127,0.8059510588645935,0.8462081551551819,1,1458,226006,COCCN(CCCC(=O)O)CC(=O)O,2759020,CC\C=C/CC\C=C/I,,,,,
C/C=C\CCN(CCCCCCCCCC)C(=O)[C@H](C)N(CCNC(C)=O)C[C@H](O)C(C)(C)O,12876,1,192,0.8058761358261108,0.8574636578559875,1,22,2758245,C\C=C/CCNCCCCCCCCCC,418131,CC(=O)NCCN(C[C@H](O)C(C)(C)O)[C@@H](C)C(=O)O,,,,,
CCCCCC/C=C\C=C/CCCCCCCCNC(=O)C(=O)N(C[C@H](O)CO)C[C@@H](O)CCOCC,12720,0,134,0.8008415102958679,0.0,1,271948,1189499,CCOCC[C@H](O)CNC[C@H](O)CO,2754630,CCCCCC\C=C/C=C\CCCCCCCCN,,,,,
CC/C=C/CC/C=C/CN(CCN(C[C@H](O)CC1(O)CCCC1)[C@@H](C)C(=O)O)C(C)=O,12724,1,135,0.8003938794136047,0.8629450798034668,1,2230,419317,CC(=O)NCCN(C[C@H](O)CC1(O)CCCC1)[C@@H](C)C(=O)O,2758303,CC\C=C\CC\C=C\CBr,,,,,
CC/C=C\CC/C=C\OC(=O)CN(CCCC(=O)O)CCOC,12698,0,127,0.799726128578186,0.0,1,1458,226006,COCCN(CCCC(=O)O)CC(=O)O,2759020,CC\C=C/CC\C=C/I,,,,,
CC/C=C\C/C=C\CN(CCC1(O)CCC1)C[C@@H](O)C[C@@]1(O)CCOC1,12830,1,173,0.7992779016494751,0.7992779016494751,1,2230,1193619,O[C@H](CNCCC1(O)CCC1)C[C@@]1(O)CCOC1,2759738,CC\C=C/C\C=C/CCl,,,,,
CCCCCC/C=C\CCCCCCCCNC(=O)C(=O)N(C[C@@H](C)O)CC(C)(CO)CO,12779,0,152,0.7953155040740967,0.0,1,271948,1194457,C[C@@H](O)CNCC(C)(CO)CO,2759418,CCCCCC\C=C/CCCCCCCCN,,,,,
CC/C=C/CC/C=C/COC(=O)[C@H](C)N(CCNC(C)=O)C[C@H](O)CC1(O)CCCC1,12725,0,135,0.7934781312942505,0.0,1,1458,419317,CC(=O)NCCN(C[C@H](O)CC1(O)CCCC1)[C@@H](C)C(=O)O,2758303,CC\C=C\CC\C=C\CBr,,,,,
CCCCCCCC/C=C\CCCCCCCNC(=O)N(C[C@H](O)CCC(=O)OCC)[C@@H]1C[C@H](O)[C@H](O)C1,12706,1,130,0.7922826409339905,0.8513376712799072,1,2430,2759894,CCCCCCCC\C=C/CCCCCCCN,1193602,CCOC(=O)CC[C@@H](O)CN[C@H]1C[C@@H](O)[C@@H](O)C1,,,,,
C=CC[C@H](CO)CN(/C=C\CC/C=C\CC)C[C@@H](O)C[C@]1(O)CCOC1,12695,1,126,0.7920445799827576,0.7920445799827576,1,2230,1190999,C=CC[C@H](CO)CNC[C@@H](O)C[C@]1(O)CCOC1,2759020,CC\C=C/CC\C=C/I,,,,,
CCCCCCCC/C=C\CCCCCCCCNC(=O)C(=O)N(C[C@H](O)C[C@@]1(O)CCOC1)C[C@H](CC)CCO,12652,0,111,0.7883585691452026,0.0,1,271948,1193664,CC[C@H](CCO)CNC[C@H](O)C[C@@]1(O)CCOC1,2755701,CCCCCCCC\C=C/CCCCCCCCN,,,,,
C/C=C\CC/C=C\N(CCCC(=O)O)C[C@H](O)CC1(O)CCOCC1,12882,1,194,0.7850282788276672,0.8409417271614075,1,2230,418860,O=C(O)CCCNC[C@H](O)CC1(O)CCOCC1,2757396,C\C=C/CC\C=C/Cl,,,,,
C/C=C\CC/C=C\OC(=O)CCCNC[C@H](O)CC1(O)CCOCC1,12883,0,194,0.7733208537101746,0.0,1,1458,418860,O=C(O)CCCNC[C@H](O)CC1(O)CCOCC1,2757396,C\C=C/CC\C=C/Cl,,,,,
CCCCCCCC/C=C\CCCCCCCNC(=O)C(=O)N(C[C@H](O)CCC(=O)OCC)[C@@H]1C[C@H](O)[C@H](O)C1,12707,0,130,0.7663320899009705,0.0,1,271948,1193602,CCOC(=O)CC[C@@H](O)CN[C@H]1C[C@@H](O)[C@@H](O)C1,2759894,CCCCCCCC\C=C/CCCCCCCN,,,,,
